--@Autor(es): Juan Pablo Alvarez Loran
--@Fecha creación: 03/02/2021
--@Descripción: carga de datos


--EMPLEADO
insert into empleado (empleado_id, nombre, ap_paterno, ap_materno, curp, email, sueldo_mensual, es_gerente, es_veterinario, es_administrativo) values (empleado_seq.nextval, 'Berk', 'Guyon', 'Maccaig', 'ESI165977HZBUPRA18', 'bmaccaig0@ihg.com', 9384, 1, 1, 0);
insert into empleado (empleado_id, nombre, ap_paterno, ap_materno, curp, email, sueldo_mensual, es_gerente, es_veterinario, es_administrativo) values (empleado_seq.nextval, 'Lock', 'Lampen', 'Tomeo', 'OBV629112MORUDJV81', 'ltomeo1@cornell.edu', 41780, 1, 0, 0);
insert into empleado (empleado_id, nombre, ap_paterno, ap_materno, curp, email, sueldo_mensual, es_gerente, es_veterinario, es_administrativo) values (empleado_seq.nextval, 'Norina', 'Eunson', 'Kirlin', 'DSJ538739MXQNVRF13', 'nkirlin2@purevolume.com', 54131, 1, 1, 0);
insert into empleado (empleado_id, nombre, ap_paterno, ap_materno, curp, email, sueldo_mensual, es_gerente, es_veterinario, es_administrativo) values (empleado_seq.nextval, 'Eberhard', 'Candlish', 'Christophers', 'OMT487797HCHNFTO24', 'echristophers3@live.com', 38186, 0, 0, 1);
insert into empleado (empleado_id, nombre, ap_paterno, ap_materno, curp, email, sueldo_mensual, es_gerente, es_veterinario, es_administrativo) values (empleado_seq.nextval, 'Ruth', 'Huet', 'Richel', 'RMQ153816HZOSPAL01', 'rrichel4@gnu.org', 87995, 0, 0, 1);
insert into empleado (empleado_id, nombre, ap_paterno, ap_materno, curp, email, sueldo_mensual, es_gerente, es_veterinario, es_administrativo) values (empleado_seq.nextval, 'Godfree', 'Parmley', 'Noon', 'ZQK495375MANRBOX88', 'gnoon5@unc.edu', 43862, 0, 0, 1);
insert into empleado (empleado_id, nombre, ap_paterno, ap_materno, curp, email, sueldo_mensual, es_gerente, es_veterinario, es_administrativo) values (empleado_seq.nextval, 'Pauletta', 'Walewski', 'Filer', 'EPX557622HMLRGCJ25', 'pfiler6@furl.net', 30921, 1, 0, 0);
insert into empleado (empleado_id, nombre, ap_paterno, ap_materno, curp, email, sueldo_mensual, es_gerente, es_veterinario, es_administrativo) values (empleado_seq.nextval, 'Oran', 'Wilcocks', 'Lilion', 'PDG729474MCXNFGP54', 'olilion7@e-recht24.de', 9427, 0, 1, 0);
insert into empleado (empleado_id, nombre, ap_paterno, ap_materno, curp, email, sueldo_mensual, es_gerente, es_veterinario, es_administrativo) values (empleado_seq.nextval, 'Henrieta', 'Aliman', 'Duffett', 'UGT318873MSZWOEB21', 'hduffett8@freewebs.com', 32624, 0, 1, 0);
insert into empleado (empleado_id, nombre, ap_paterno, ap_materno, curp, email, sueldo_mensual, es_gerente, es_veterinario, es_administrativo) values (empleado_seq.nextval, 'Percival', 'Laetham', 'Peggram', 'FCQ714918HULCRFZ29', 'ppeggram9@bravesites.com', 26582, 0, 0, 1);
insert into empleado (empleado_id, nombre, ap_paterno, ap_materno, curp, email, sueldo_mensual, es_gerente, es_veterinario, es_administrativo) values (empleado_seq.nextval, 'Ozzie', 'Kennerley', 'Chalke', 'BYW566402MZWHIKL67', 'ochalkea@cmu.edu', 13913, 0, 0, 1);
insert into empleado (empleado_id, nombre, ap_paterno, ap_materno, curp, email, sueldo_mensual, es_gerente, es_veterinario, es_administrativo) values (empleado_seq.nextval, 'Eloisa', 'Mousdall', 'Robey', 'EBL886327HBCLMHF95', 'erobeyb@nifty.com', 69835, 0, 1, 0);
insert into empleado (empleado_id, nombre, ap_paterno, ap_materno, curp, email, sueldo_mensual, es_gerente, es_veterinario, es_administrativo) values (empleado_seq.nextval, 'Tanitansy', 'Midner', 'Garshore', 'DMI943402MPFDRIZ96', 'tgarshorec@wikimedia.org', 38735, 1, 0, 0);
insert into empleado (empleado_id, nombre, ap_paterno, ap_materno, curp, email, sueldo_mensual, es_gerente, es_veterinario, es_administrativo) values (empleado_seq.nextval, 'Sherman', 'Ashworth', 'Crippen', 'JSE770351MQIZOTX56', 'scrippend@tumblr.com', 46104, 0, 1, 0);
insert into empleado (empleado_id, nombre, ap_paterno, ap_materno, curp, email, sueldo_mensual, es_gerente, es_veterinario, es_administrativo) values (empleado_seq.nextval, 'Etheline', 'Harmes', 'Rubke', 'HFI982393MISQKDV05', 'erubkee@cocolog-nifty.com', 40192, 1, 1, 0);
insert into empleado (empleado_id, nombre, ap_paterno, ap_materno, curp, email, sueldo_mensual, es_gerente, es_veterinario, es_administrativo) values (empleado_seq.nextval, 'Catharina', 'Sked', 'Veltmann', 'KGM401695MFSKOHW19', 'cveltmannf@illinois.edu', 52613, 1, 0, 0);
insert into empleado (empleado_id, nombre, ap_paterno, ap_materno, curp, email, sueldo_mensual, es_gerente, es_veterinario, es_administrativo) values (empleado_seq.nextval, 'Roseanne', 'Osgarby', 'Jimes', 'CAL730260MQIGTYW50', 'rjimesg@mozilla.com', 65797, 1, 1, 0);
insert into empleado (empleado_id, nombre, ap_paterno, ap_materno, curp, email, sueldo_mensual, es_gerente, es_veterinario, es_administrativo) values (empleado_seq.nextval, 'Alicia', 'Capini', 'Ownsworth', 'HGM420219MCKUZVY76', 'aownsworthh@meetup.com', 77183, 1, 0, 0);
insert into empleado (empleado_id, nombre, ap_paterno, ap_materno, curp, email, sueldo_mensual, es_gerente, es_veterinario, es_administrativo) values (empleado_seq.nextval, 'Vikki', 'Hourican', 'Waggitt', 'KZS791524HFEIVRJ40', 'vwaggitti@biglobe.ne.jp', 38498, 0, 1, 0);
insert into empleado (empleado_id, nombre, ap_paterno, ap_materno, curp, email, sueldo_mensual, es_gerente, es_veterinario, es_administrativo) values (empleado_seq.nextval, 'Niven', 'Hallahan', 'Ponte', 'GBE427413MYGJKBF89', 'npontej@ovh.net', 62280, 1, 0, 0);
insert into empleado (empleado_id, nombre, ap_paterno, ap_materno, curp, email, sueldo_mensual, es_gerente, es_veterinario, es_administrativo) values (empleado_seq.nextval, 'Tirrell', 'Keenlayside', 'Bletcher', 'HYM977777MLHQNUR12', 'tbletcherk@youku.com', 3753, 0, 0, 1);
insert into empleado (empleado_id, nombre, ap_paterno, ap_materno, curp, email, sueldo_mensual, es_gerente, es_veterinario, es_administrativo) values (empleado_seq.nextval, 'Angel', 'Sellors', 'Djuricic', 'CBJ770675HPRYTAJ88', 'adjuricicl@phpbb.com', 15320, 1, 0, 0);
insert into empleado (empleado_id, nombre, ap_paterno, ap_materno, curp, email, sueldo_mensual, es_gerente, es_veterinario, es_administrativo) values (empleado_seq.nextval, 'Helenka', 'Root', 'Issard', 'ROF912527HLWPNMA42', 'hissardm@gov.uk', 92364, 1, 1, 0);
insert into empleado (empleado_id, nombre, ap_paterno, ap_materno, curp, email, sueldo_mensual, es_gerente, es_veterinario, es_administrativo) values (empleado_seq.nextval, 'Chantalle', 'Petegrew', 'Gayle', 'SNE703655MOPZSIQ62', 'cgaylen@github.com', 7784, 1, 0, 0);
insert into empleado (empleado_id, nombre, ap_paterno, ap_materno, curp, email, sueldo_mensual, es_gerente, es_veterinario, es_administrativo) values (empleado_seq.nextval, 'Michel', 'Griss', 'Epp', 'GIS537844HYNPBIK59', 'meppo@diigo.com', 76287, 1, 1, 1);
insert into empleado (empleado_id, nombre, ap_paterno, ap_materno, curp, email, sueldo_mensual, es_gerente, es_veterinario, es_administrativo) values (empleado_seq.nextval, 'Carmelia', 'Blevin', 'Dupoy', 'RYB346804MWNTIFM33', 'cdupoyp@discovery.com', 63242, 1, 1, 0);
insert into empleado (empleado_id, nombre, ap_paterno, ap_materno, curp, email, sueldo_mensual, es_gerente, es_veterinario, es_administrativo) values (empleado_seq.nextval, 'Zak', 'Dalmon', 'O''Hannen', 'UMW600821MXTHOQZ45', 'zohannenq@loc.gov', 97700, 1, 0, 0);
insert into empleado (empleado_id, nombre, ap_paterno, ap_materno, curp, email, sueldo_mensual, es_gerente, es_veterinario, es_administrativo) values (empleado_seq.nextval, 'Reidar', 'Boyfield', 'Monger', 'HOP543856MWTHMKX06', 'rmongerr@so-net.ne.jp', 67092, 0, 1, 1);
insert into empleado (empleado_id, nombre, ap_paterno, ap_materno, curp, email, sueldo_mensual, es_gerente, es_veterinario, es_administrativo) values (empleado_seq.nextval, 'Jillayne', 'Huntly', 'Cherry', 'HCT289172HWEDKSR69', 'jcherrys@state.gov', 43850, 1, 0, 0);
insert into empleado (empleado_id, nombre, ap_paterno, ap_materno, curp, email, sueldo_mensual, es_gerente, es_veterinario, es_administrativo) values (empleado_seq.nextval, 'Sabra', 'Arminger', 'Kennon', 'XRD733575HLTJBNZ95', 'skennont@telegraph.co.uk', 88605, 0, 1, 1);
insert into empleado (empleado_id, nombre, ap_paterno, ap_materno, curp, email, sueldo_mensual, es_gerente, es_veterinario, es_administrativo) values (empleado_seq.nextval, 'Rowney', 'Lesper', 'Waggett', 'WOC781456MNZXPLO26', 'rwaggettu@cyberchimps.com', 33504, 1, 0, 0);
insert into empleado (empleado_id, nombre, ap_paterno, ap_materno, curp, email, sueldo_mensual, es_gerente, es_veterinario, es_administrativo) values (empleado_seq.nextval, 'Lombard', 'Noonan', 'Harrop', 'QFB610611HUGHQPW64', 'lharropv@163.com', 44475, 0, 0, 1);
insert into empleado (empleado_id, nombre, ap_paterno, ap_materno, curp, email, sueldo_mensual, es_gerente, es_veterinario, es_administrativo) values (empleado_seq.nextval, 'Willamina', 'Stoade', 'Fazakerley', 'BNQ159515HPDFCJU78', 'wfazakerleyw@bbb.org', 93010, 0, 1, 0);
insert into empleado (empleado_id, nombre, ap_paterno, ap_materno, curp, email, sueldo_mensual, es_gerente, es_veterinario, es_administrativo) values (empleado_seq.nextval, 'Danielle', 'Feather', 'Anyon', 'BYJ984646HAEOTXQ18', 'danyonx@furl.net', 65678, 0, 1, 1);
insert into empleado (empleado_id, nombre, ap_paterno, ap_materno, curp, email, sueldo_mensual, es_gerente, es_veterinario, es_administrativo) values (empleado_seq.nextval, 'Norry', 'Kinnoch', 'Ackrill', 'DWA343319MUSCQTV26', 'nackrilly@typepad.com', 70764, 1, 0, 0);
insert into empleado (empleado_id, nombre, ap_paterno, ap_materno, curp, email, sueldo_mensual, es_gerente, es_veterinario, es_administrativo) values (empleado_seq.nextval, 'Margeaux', 'Rodder', 'Ashfull', 'KTF877386HVRCUSF33', 'mashfullz@typepad.com', 29389, 1, 0, 0);
insert into empleado (empleado_id, nombre, ap_paterno, ap_materno, curp, email, sueldo_mensual, es_gerente, es_veterinario, es_administrativo) values (empleado_seq.nextval, 'Thedrick', 'Edington', 'Noyce', 'BEF532331HPKQDLZ59', 'tnoyce10@tuttocitta.it', 84986, 1, 1, 1);
insert into empleado (empleado_id, nombre, ap_paterno, ap_materno, curp, email, sueldo_mensual, es_gerente, es_veterinario, es_administrativo) values (empleado_seq.nextval, 'Ham', 'Aberhart', 'Duckett', 'KIU452094HVDWAJG77', 'hduckett11@amazon.co.uk', 63090, 1, 1, 0);
insert into empleado (empleado_id, nombre, ap_paterno, ap_materno, curp, email, sueldo_mensual, es_gerente, es_veterinario, es_administrativo) values (empleado_seq.nextval, 'Burr', 'Berzon', 'Kenwrick', 'YOG145331HFIWPTS16', 'bkenwrick12@narod.ru', 8661, 1, 1, 0);
insert into empleado (empleado_id, nombre, ap_paterno, ap_materno, curp, email, sueldo_mensual, es_gerente, es_veterinario, es_administrativo) values (empleado_seq.nextval, 'Aurilia', 'Rheam', 'Bernuzzi', 'NQA871826MNDJYSV39', 'abernuzzi13@github.io', 45221, 1, 0, 0);
insert into empleado (empleado_id, nombre, ap_paterno, ap_materno, curp, email, sueldo_mensual, es_gerente, es_veterinario, es_administrativo) values (empleado_seq.nextval, 'Gwenny', 'Stollenwerck', 'Bryer', 'BFX509918HUJYMAV56', 'gbryer14@cafepress.com', 31148, 1, 0, 0);
insert into empleado (empleado_id, nombre, ap_paterno, ap_materno, curp, email, sueldo_mensual, es_gerente, es_veterinario, es_administrativo) values (empleado_seq.nextval, 'Doti', 'Sheasby', 'Ghirigori', 'FHC585365HJBZSOU03', 'dghirigori15@reuters.com', 19187, 0, 0, 1);
insert into empleado (empleado_id, nombre, ap_paterno, ap_materno, curp, email, sueldo_mensual, es_gerente, es_veterinario, es_administrativo) values (empleado_seq.nextval, 'Abba', 'MacCard', 'Minithorpe', 'VSQ364408HGJAKER94', 'aminithorpe16@vk.com', 82968, 0, 0, 1);
insert into empleado (empleado_id, nombre, ap_paterno, ap_materno, curp, email, sueldo_mensual, es_gerente, es_veterinario, es_administrativo) values (empleado_seq.nextval, 'Ericka', 'Sanches', 'Hoxey', 'XVZ882898MAERTZO49', 'ehoxey17@is.gd', 78932, 1, 0, 0);
insert into empleado (empleado_id, nombre, ap_paterno, ap_materno, curp, email, sueldo_mensual, es_gerente, es_veterinario, es_administrativo) values (empleado_seq.nextval, 'Everett', 'Reddings', 'Streetfield', 'UVL020847HQXIAPD42', 'estreetfield18@adobe.com', 85701, 0, 0, 1);
insert into empleado (empleado_id, nombre, ap_paterno, ap_materno, curp, email, sueldo_mensual, es_gerente, es_veterinario, es_administrativo) values (empleado_seq.nextval, 'Win', 'Patrickson', 'Choppin', 'CHL347074HGSZRDE83', 'wchoppin19@scribd.com', 38749, 1, 1, 0);
insert into empleado (empleado_id, nombre, ap_paterno, ap_materno, curp, email, sueldo_mensual, es_gerente, es_veterinario, es_administrativo) values (empleado_seq.nextval, 'Cami', 'Conrart', 'Gaffer', 'PDV664270MLMGHZI87', 'cgaffer1a@homestead.com', 34231, 0, 1, 0);
insert into empleado (empleado_id, nombre, ap_paterno, ap_materno, curp, email, sueldo_mensual, es_gerente, es_veterinario, es_administrativo) values (empleado_seq.nextval, 'Kimmie', 'Northway', 'Bohden', 'ZHD473699HFZCPJR20', 'kbohden1b@hao123.com', 59995, 1, 0, 0);
insert into empleado (empleado_id, nombre, ap_paterno, ap_materno, curp, email, sueldo_mensual, es_gerente, es_veterinario, es_administrativo) values (empleado_seq.nextval, 'Leland', 'Quarry', 'Royson', 'YVR360254MIYWLNU72', 'lroyson1c@linkedin.com', 12125, 0, 1, 0);
insert into empleado (empleado_id, nombre, ap_paterno, ap_materno, curp, email, sueldo_mensual, es_gerente, es_veterinario, es_administrativo) values (empleado_seq.nextval, 'Whitaker', 'Juara', 'Marvell', 'DVF927775HYIAHDB03', 'wmarvell1d@squidoo.com', 84409, 1, 0, 0);


--CENTRO_OPERATIVO
insert into centro_operativo (centro_operativo_id, nombre, direccion, codigo, latitud, longitud, es_refugio, es_clinica, es_oficina, gerente_id) values (centro_operativo_seq.nextval, 'Rice-Nolan', '5094 Forest Run Point', 'HN755', 24.660711, 118.460176, 1, 1, 0, 48);
insert into centro_operativo (centro_operativo_id, nombre, direccion, codigo, latitud, longitud, es_refugio, es_clinica, es_oficina, gerente_id) values (centro_operativo_seq.nextval, 'Hettinger-Schowalter', '48 Old Gate Pass', 'GD317', 25.241174, 115.748629, 0, 0, 1, 23);
insert into centro_operativo (centro_operativo_id, nombre, direccion, codigo, latitud, longitud, es_refugio, es_clinica, es_oficina, gerente_id) values (centro_operativo_seq.nextval, 'Kutch-Runte', '70832 Pond Pass', 'WI051', -6.7513288, 105.7527221, 0, 1, 0, 37);
insert into centro_operativo (centro_operativo_id, nombre, direccion, codigo, latitud, longitud, es_refugio, es_clinica, es_oficina, gerente_id) values (centro_operativo_seq.nextval, 'Quigley, Gleichner and Stehr', '990 Main Hill', 'VZ300', 28.39571, 107.752611, 0, 0, 1, 35);
insert into centro_operativo (centro_operativo_id, nombre, direccion, codigo, latitud, longitud, es_refugio, es_clinica, es_oficina, gerente_id) values (centro_operativo_seq.nextval, 'Auer-Bartell', '4 Aberg Place', 'KW970', 34.481923, 102.142511, 0, 1, 0, 2);
insert into centro_operativo (centro_operativo_id, nombre, direccion, codigo, latitud, longitud, es_refugio, es_clinica, es_oficina, gerente_id) values (centro_operativo_seq.nextval, 'Welch-Runolfsdottir', '5802 Vernon Alley', 'IP817', -7.355927, 110.6422198, 1, 0, 0, 38);
insert into centro_operativo (centro_operativo_id, nombre, direccion, codigo, latitud, longitud, es_refugio, es_clinica, es_oficina, gerente_id) values (centro_operativo_seq.nextval, 'Willms Group', '8345 Northfield Park', 'MC615', 53.455203, -2.114613, 0, 1, 0, 15);
insert into centro_operativo (centro_operativo_id, nombre, direccion, codigo, latitud, longitud, es_refugio, es_clinica, es_oficina, gerente_id) values (centro_operativo_seq.nextval, 'Botsford-Heidenreich', '18 Memorial Parkway', 'VQ364', 29.423385, 110.662033, 1, 1, 0, 26);
insert into centro_operativo (centro_operativo_id, nombre, direccion, codigo, latitud, longitud, es_refugio, es_clinica, es_oficina, gerente_id) values (centro_operativo_seq.nextval, 'Smith Group', '9283 Shopko Drive', 'LX794', 32.4210287, 73.8218835, 0, 0, 1, 49);
insert into centro_operativo (centro_operativo_id, nombre, direccion, codigo, latitud, longitud, es_refugio, es_clinica, es_oficina, gerente_id) values (centro_operativo_seq.nextval, 'Ziemann, O''Kon and Dietrich', '9 Surrey Street', 'TJ47', 39.761892, 116.420331, 0, 0, 1, 16);
insert into centro_operativo (centro_operativo_id, nombre, direccion, codigo, latitud, longitud, es_refugio, es_clinica, es_oficina, gerente_id) values (centro_operativo_seq.nextval, 'Koch LLC', '3 Oak Point', 'ZU137', -6.500489, 106.6560345, 1, 0, 0, 25);
insert into centro_operativo (centro_operativo_id, nombre, direccion, codigo, latitud, longitud, es_refugio, es_clinica, es_oficina, gerente_id) values (centro_operativo_seq.nextval, 'Schoen-Nicolas', '4 Karstens Parkway', 'ID441', 16.9023422, 101.7523854, 1, 0, 0, 44);
insert into centro_operativo (centro_operativo_id, nombre, direccion, codigo, latitud, longitud, es_refugio, es_clinica, es_oficina, gerente_id) values (centro_operativo_seq.nextval, 'Boyer and Sons', '9 Porter Road', 'GY25k', 12.6661944, 108.0382475, 0, 1, 0, 39);
insert into centro_operativo (centro_operativo_id, nombre, direccion, codigo, latitud, longitud, es_refugio, es_clinica, es_oficina, gerente_id) values (centro_operativo_seq.nextval, 'Oberbrunner, Koss and Will', '9 Dakota Terrace', 'GY054', 35.2019368, 24.996407, 0, 1, 0, 17);
insert into centro_operativo (centro_operativo_id, nombre, direccion, codigo, latitud, longitud, es_refugio, es_clinica, es_oficina, gerente_id) values (centro_operativo_seq.nextval, 'Beier-Gaylord', '6063 Warner Drive', 'IL679', 1.0087005, 100.2656209, 0, 0, 1, 40);
insert into centro_operativo (centro_operativo_id, nombre, direccion, codigo, latitud, longitud, es_refugio, es_clinica, es_oficina, gerente_id) values (centro_operativo_seq.nextval, 'Walsh, Bednar and Lesch', '817 Buhler Park', 'IO457', 26.2413688, 105.9386306, 1, 1, 0, 1);
insert into centro_operativo (centro_operativo_id, nombre, direccion, codigo, latitud, longitud, es_refugio, es_clinica, es_oficina, gerente_id) values (centro_operativo_seq.nextval, 'Von, Gleason and Heathcote', '1 Fairview Park', 'QK083', 44.5288785, 11.3601525, 1, 1, 0, 20);
insert into centro_operativo (centro_operativo_id, nombre, direccion, codigo, latitud, longitud, es_refugio, es_clinica, es_oficina, gerente_id) values (centro_operativo_seq.nextval, 'Dare-Thompson', '0578 Transport Road', 'QT891', 38.865603, 106.2151654, 1, 0, 0, 29);
insert into centro_operativo (centro_operativo_id, nombre, direccion, codigo, latitud, longitud, es_refugio, es_clinica, es_oficina, gerente_id) values (centro_operativo_seq.nextval, 'Schulist, Kuphal and Okuneva', '9241 Bluejay Point', 'XQ751', 4.7524091, -55.0272904, 0, 0, 1, 18);
insert into centro_operativo (centro_operativo_id, nombre, direccion, codigo, latitud, longitud, es_refugio, es_clinica, es_oficina, gerente_id) values (centro_operativo_seq.nextval, 'Hahn-Parker', '95 Judy Circle', 'BY839', -10.8778699, 26.5963713, 0, 1, 0, 22);
insert into centro_operativo (centro_operativo_id, nombre, direccion, codigo, latitud, longitud, es_refugio, es_clinica, es_oficina, gerente_id) values (centro_operativo_seq.nextval, 'Veum, Sanford and Orn', '58 Dexter Parkway', 'NS843', 14.628828, 121.1217909, 1, 0, 0, 13);
insert into centro_operativo (centro_operativo_id, nombre, direccion, codigo, latitud, longitud, es_refugio, es_clinica, es_oficina, gerente_id) values (centro_operativo_seq.nextval, 'Reichert Inc', '2644 Oak Alley', 'ZN984', 9.442952, -75.5509602, 0, 0, 1, 50);
insert into centro_operativo (centro_operativo_id, nombre, direccion, codigo, latitud, longitud, es_refugio, es_clinica, es_oficina, gerente_id) values (centro_operativo_seq.nextval, 'Jerde, Nader and Ullrich', '08925 Petterle Alley', 'TK593', -7.0180991, 107.7632453, 0, 1, 0, 3);
insert into centro_operativo (centro_operativo_id, nombre, direccion, codigo, latitud, longitud, es_refugio, es_clinica, es_oficina, gerente_id) values (centro_operativo_seq.nextval, 'Sauer Inc', '74 Prairieview Terrace', 'UC557', -8.5693, 116.6242, 0, 0, 1, 7);
insert into centro_operativo (centro_operativo_id, nombre, direccion, codigo, latitud, longitud, es_refugio, es_clinica, es_oficina, gerente_id) values (centro_operativo_seq.nextval, 'Feeney, Johnston and Brekke', '46 Nova Avenue', 'MK291', 50.1987725, 39.5632497, 1, 0, 0, 36);
insert into centro_operativo (centro_operativo_id, nombre, direccion, codigo, latitud, longitud, es_refugio, es_clinica, es_oficina, gerente_id) values (centro_operativo_seq.nextval, 'Hoeger LLC', '07 Nobel Road', 'OT681', 53.1307962, 30.7935909, 0, 0, 1, 41);
insert into centro_operativo (centro_operativo_id, nombre, direccion, codigo, latitud, longitud, es_refugio, es_clinica, es_oficina, gerente_id) values (centro_operativo_seq.nextval, 'Stracke and Sons', '8123 Sycamore Lane', 'EL610', -14.2697392, -170.6618234, 0, 1, 0, 27);
insert into centro_operativo (centro_operativo_id, nombre, direccion, codigo, latitud, longitud, es_refugio, es_clinica, es_oficina, gerente_id) values (centro_operativo_seq.nextval, 'Bogisich, Grady and Rodriguez', '72964 Green Street', 'OM263', 29.483344, -98.5207797, 1, 1, 0, 24);
insert into centro_operativo (centro_operativo_id, nombre, direccion, codigo, latitud, longitud, es_refugio, es_clinica, es_oficina, gerente_id) values (centro_operativo_seq.nextval, 'Hilll, Padberg and Kutch', '1379 Golf Way', 'PX516', -7.0543824, 108.7690065, 0, 0, 1, 46);
insert into centro_operativo (centro_operativo_id, nombre, direccion, codigo, latitud, longitud, es_refugio, es_clinica, es_oficina, gerente_id) values (centro_operativo_seq.nextval, 'Corwin, Murray and Hettinger', '7 Surrey Avenue', 'BT164', -8.6508134, 118.7023068, 1, 0, 0, 31);

--GRADO ACADEMICO EMPLEADO
insert into grado_academico_empleado (grado_academico_empleado_id, titulo, fecha_titulacion, cedula_profesional, empleado_id) values (grado_academico_empleado_seq.nextval, 'Sales Representative', to_date('15/03/2000','dd/mm/yyyy'), 71634801, 1);
insert into grado_academico_empleado (grado_academico_empleado_id, titulo, fecha_titulacion, cedula_profesional, empleado_id) values (grado_academico_empleado_seq.nextval, 'Paralegal', to_date('12/06/2007','dd/mm/yyyy'), 15555101, 2);
insert into grado_academico_empleado (grado_academico_empleado_id, titulo, fecha_titulacion, cedula_profesional, empleado_id) values (grado_academico_empleado_seq.nextval, 'Marketing Manager', to_date('05/02/2017','dd/mm/yyyy'), 35057676, 3);
insert into grado_academico_empleado (grado_academico_empleado_id, titulo, fecha_titulacion, cedula_profesional, empleado_id) values (grado_academico_empleado_seq.nextval, 'Chief Design Engineer', to_date('11/02/2001','dd/mm/yyyy'), 55215051, 4);
insert into grado_academico_empleado (grado_academico_empleado_id, titulo, fecha_titulacion, cedula_profesional, empleado_id) values (grado_academico_empleado_seq.nextval, 'Engineer II', to_date('22/08/2020','dd/mm/yyyy'), 68898031, 5);
insert into grado_academico_empleado (grado_academico_empleado_id, titulo, fecha_titulacion, cedula_profesional, empleado_id) values (grado_academico_empleado_seq.nextval, 'Nurse', to_date('21/09/2009','dd/mm/yyyy'), 39429818, 6);
insert into grado_academico_empleado (grado_academico_empleado_id, titulo, fecha_titulacion, cedula_profesional, empleado_id) values (grado_academico_empleado_seq.nextval, 'Chief Design Engineer', to_date('18/10/2012','dd/mm/yyyy'), 81736218, 7);
insert into grado_academico_empleado (grado_academico_empleado_id, titulo, fecha_titulacion, cedula_profesional, empleado_id) values (grado_academico_empleado_seq.nextval, 'Sales Associate', to_date('06/01/2002','dd/mm/yyyy'), 65643793, 8);
insert into grado_academico_empleado (grado_academico_empleado_id, titulo, fecha_titulacion, cedula_profesional, empleado_id) values (grado_academico_empleado_seq.nextval, 'Biostatistician I', to_date('05/12/2019','dd/mm/yyyy'), 83431768, 9);
insert into grado_academico_empleado (grado_academico_empleado_id, titulo, fecha_titulacion, cedula_profesional, empleado_id) values (grado_academico_empleado_seq.nextval, 'Research Associate', to_date('12/06/2002','dd/mm/yyyy'), 68950334, 10);
insert into grado_academico_empleado (grado_academico_empleado_id, titulo, fecha_titulacion, cedula_profesional, empleado_id) values (grado_academico_empleado_seq.nextval, 'Research Associate', to_date('24/08/2013','dd/mm/yyyy'), 85103910, 11);
insert into grado_academico_empleado (grado_academico_empleado_id, titulo, fecha_titulacion, cedula_profesional, empleado_id) values (grado_academico_empleado_seq.nextval, 'Design Engineer', to_date('18/02/2018','dd/mm/yyyy'), 47903383, 12);
insert into grado_academico_empleado (grado_academico_empleado_id, titulo, fecha_titulacion, cedula_profesional, empleado_id) values (grado_academico_empleado_seq.nextval, 'Electrical Engineer', to_date('16/08/2012','dd/mm/yyyy'), 16945386, 13);
insert into grado_academico_empleado (grado_academico_empleado_id, titulo, fecha_titulacion, cedula_profesional, empleado_id) values (grado_academico_empleado_seq.nextval, 'Civil Engineer', to_date('11/03/2012','dd/mm/yyyy'), 42431730, 14);
insert into grado_academico_empleado (grado_academico_empleado_id, titulo, fecha_titulacion, cedula_profesional, empleado_id) values (grado_academico_empleado_seq.nextval, 'Statistician III', to_date('06/07/2004','dd/mm/yyyy'), 82357996, 15);
insert into grado_academico_empleado (grado_academico_empleado_id, titulo, fecha_titulacion, cedula_profesional, empleado_id) values (grado_academico_empleado_seq.nextval, 'Biostatistician I', to_date('02/10/2016','dd/mm/yyyy'), 74140472, 16);
insert into grado_academico_empleado (grado_academico_empleado_id, titulo, fecha_titulacion, cedula_profesional, empleado_id) values (grado_academico_empleado_seq.nextval, 'Structural Engineer', to_date('16/09/2019','dd/mm/yyyy'), 62522966, 17);
insert into grado_academico_empleado (grado_academico_empleado_id, titulo, fecha_titulacion, cedula_profesional, empleado_id) values (grado_academico_empleado_seq.nextval, 'Human Resources Assistant II', to_date('25/12/2015','dd/mm/yyyy'), 85167108, 18);
insert into grado_academico_empleado (grado_academico_empleado_id, titulo, fecha_titulacion, cedula_profesional, empleado_id) values (grado_academico_empleado_seq.nextval, 'Environmental Tech', to_date('22/09/2012','dd/mm/yyyy'), 86408068, 19);
insert into grado_academico_empleado (grado_academico_empleado_id, titulo, fecha_titulacion, cedula_profesional, empleado_id) values (grado_academico_empleado_seq.nextval, 'Director of Sales', to_date('16/09/2001','dd/mm/yyyy'), 10229388, 20);
insert into grado_academico_empleado (grado_academico_empleado_id, titulo, fecha_titulacion, cedula_profesional, empleado_id) values (grado_academico_empleado_seq.nextval, 'Web Designer II', to_date('17/09/2019','dd/mm/yyyy'), 46374163, 21);
insert into grado_academico_empleado (grado_academico_empleado_id, titulo, fecha_titulacion, cedula_profesional, empleado_id) values (grado_academico_empleado_seq.nextval, 'Electrical Engineer', to_date('07/01/2003','dd/mm/yyyy'), 55494037, 22);
insert into grado_academico_empleado (grado_academico_empleado_id, titulo, fecha_titulacion, cedula_profesional, empleado_id) values (grado_academico_empleado_seq.nextval, 'Administrative Assistant II', to_date('25/11/2014','dd/mm/yyyy'), 48439722, 23);
insert into grado_academico_empleado (grado_academico_empleado_id, titulo, fecha_titulacion, cedula_profesional, empleado_id) values (grado_academico_empleado_seq.nextval, 'Database Administrator IV', to_date('18/03/2012','dd/mm/yyyy'), 77945886, 24);
insert into grado_academico_empleado (grado_academico_empleado_id, titulo, fecha_titulacion, cedula_profesional, empleado_id) values (grado_academico_empleado_seq.nextval, 'Registered Nurse', to_date('15/02/2007','dd/mm/yyyy'), 41036249, 25);
insert into grado_academico_empleado (grado_academico_empleado_id, titulo, fecha_titulacion, cedula_profesional, empleado_id) values (grado_academico_empleado_seq.nextval, 'Help Desk Operator', to_date('20/11/2020','dd/mm/yyyy'), 73975581, 26);
insert into grado_academico_empleado (grado_academico_empleado_id, titulo, fecha_titulacion, cedula_profesional, empleado_id) values (grado_academico_empleado_seq.nextval, 'Actuary', to_date('01/08/2003','dd/mm/yyyy'), 42022472, 27);
insert into grado_academico_empleado (grado_academico_empleado_id, titulo, fecha_titulacion, cedula_profesional, empleado_id) values (grado_academico_empleado_seq.nextval, 'Analog Circuit Design manager', to_date('18/02/2020','dd/mm/yyyy'), 52605316, 28);
insert into grado_academico_empleado (grado_academico_empleado_id, titulo, fecha_titulacion, cedula_profesional, empleado_id) values (grado_academico_empleado_seq.nextval, 'Clinical Specialist', to_date('22/08/2001','dd/mm/yyyy'), 81868684, 29);
insert into grado_academico_empleado (grado_academico_empleado_id, titulo, fecha_titulacion, cedula_profesional, empleado_id) values (grado_academico_empleado_seq.nextval, 'Research Assistant II', to_date('23/12/2002','dd/mm/yyyy'), 34376981, 30);
insert into grado_academico_empleado (grado_academico_empleado_id, titulo, fecha_titulacion, cedula_profesional, empleado_id) values (grado_academico_empleado_seq.nextval, 'Product Engineer', to_date('08/11/2001','dd/mm/yyyy'), 38238878, 31);
insert into grado_academico_empleado (grado_academico_empleado_id, titulo, fecha_titulacion, cedula_profesional, empleado_id) values (grado_academico_empleado_seq.nextval, 'Quality Control Specialist', to_date('04/01/2018','dd/mm/yyyy'), 81864619, 32);
insert into grado_academico_empleado (grado_academico_empleado_id, titulo, fecha_titulacion, cedula_profesional, empleado_id) values (grado_academico_empleado_seq.nextval, 'Chief Design Engineer', to_date('03/02/2020','dd/mm/yyyy'), 74987360, 33);
insert into grado_academico_empleado (grado_academico_empleado_id, titulo, fecha_titulacion, cedula_profesional, empleado_id) values (grado_academico_empleado_seq.nextval, 'Senior Sales Associate', to_date('18/09/2000','dd/mm/yyyy'), 12189455, 34);
insert into grado_academico_empleado (grado_academico_empleado_id, titulo, fecha_titulacion, cedula_profesional, empleado_id) values (grado_academico_empleado_seq.nextval, 'Food Chemist', to_date('01/04/2013','dd/mm/yyyy'), 27759316, 35);
insert into grado_academico_empleado (grado_academico_empleado_id, titulo, fecha_titulacion, cedula_profesional, empleado_id) values (grado_academico_empleado_seq.nextval, 'Civil Engineer', to_date('05/10/2001','dd/mm/yyyy'), 22754676, 36);
insert into grado_academico_empleado (grado_academico_empleado_id, titulo, fecha_titulacion, cedula_profesional, empleado_id) values (grado_academico_empleado_seq.nextval, 'Help Desk Operator', to_date('20/06/2016','dd/mm/yyyy'), 64362755, 37);
insert into grado_academico_empleado (grado_academico_empleado_id, titulo, fecha_titulacion, cedula_profesional, empleado_id) values (grado_academico_empleado_seq.nextval, 'Financial Advisor', to_date('26/04/2007','dd/mm/yyyy'), 11310702, 38);
insert into grado_academico_empleado (grado_academico_empleado_id, titulo, fecha_titulacion, cedula_profesional, empleado_id) values (grado_academico_empleado_seq.nextval, 'Cost Accountant', to_date('26/02/2020','dd/mm/yyyy'), 40229518, 39);
insert into grado_academico_empleado (grado_academico_empleado_id, titulo, fecha_titulacion, cedula_profesional, empleado_id) values (grado_academico_empleado_seq.nextval, 'Assistant Professor', to_date('03/09/2015','dd/mm/yyyy'), 64258460, 40);
insert into grado_academico_empleado (grado_academico_empleado_id, titulo, fecha_titulacion, cedula_profesional, empleado_id) values (grado_academico_empleado_seq.nextval, 'Information Systems Manager', to_date('29/01/2011','dd/mm/yyyy'), 65412060, 41);
insert into grado_academico_empleado (grado_academico_empleado_id, titulo, fecha_titulacion, cedula_profesional, empleado_id) values (grado_academico_empleado_seq.nextval, 'Account Coordinator', to_date('13/07/2008','dd/mm/yyyy'), 14016690, 42);
insert into grado_academico_empleado (grado_academico_empleado_id, titulo, fecha_titulacion, cedula_profesional, empleado_id) values (grado_academico_empleado_seq.nextval, 'Design Engineer', to_date('28/06/2010','dd/mm/yyyy'), 51322100, 43);
insert into grado_academico_empleado (grado_academico_empleado_id, titulo, fecha_titulacion, cedula_profesional, empleado_id) values (grado_academico_empleado_seq.nextval, 'Dental Hygienist', to_date('08/10/2013','dd/mm/yyyy'), 58259126, 44);
insert into grado_academico_empleado (grado_academico_empleado_id, titulo, fecha_titulacion, cedula_profesional, empleado_id) values (grado_academico_empleado_seq.nextval, 'Senior Financial Analyst', to_date('19/08/2007','dd/mm/yyyy'), 55327977, 45);
insert into grado_academico_empleado (grado_academico_empleado_id, titulo, fecha_titulacion, cedula_profesional, empleado_id) values (grado_academico_empleado_seq.nextval, 'Speech Pathologist', to_date('30/01/2015','dd/mm/yyyy'), 20788420, 46);
insert into grado_academico_empleado (grado_academico_empleado_id, titulo, fecha_titulacion, cedula_profesional, empleado_id) values (grado_academico_empleado_seq.nextval, 'Speech Pathologist', to_date('19/08/2007','dd/mm/yyyy'), 61867636, 47);
insert into grado_academico_empleado (grado_academico_empleado_id, titulo, fecha_titulacion, cedula_profesional, empleado_id) values (grado_academico_empleado_seq.nextval, 'Information Systems Manager', to_date('14/06/2001','dd/mm/yyyy'), 73122415, 48);
insert into grado_academico_empleado (grado_academico_empleado_id, titulo, fecha_titulacion, cedula_profesional, empleado_id) values (grado_academico_empleado_seq.nextval, 'Research Associate', to_date('01/03/2009','dd/mm/yyyy'), 11947547, 49);
insert into grado_academico_empleado (grado_academico_empleado_id, titulo, fecha_titulacion, cedula_profesional, empleado_id) values (grado_academico_empleado_seq.nextval, 'Business Systems Development Analyst', to_date('08/04/2006','dd/mm/yyyy'), 46710469, 50);
insert into grado_academico_empleado (grado_academico_empleado_id, titulo, fecha_titulacion, cedula_profesional, empleado_id) values (grado_academico_empleado_seq.nextval, 'Technical Writer', to_date('02/11/2007','dd/mm/yyyy'), 12487075, 46);
insert into grado_academico_empleado (grado_academico_empleado_id, titulo, fecha_titulacion, cedula_profesional, empleado_id) values (grado_academico_empleado_seq.nextval, 'Junior Executive', to_date('24/06/2018','dd/mm/yyyy'), 68833272, 12);
insert into grado_academico_empleado (grado_academico_empleado_id, titulo, fecha_titulacion, cedula_profesional, empleado_id) values (grado_academico_empleado_seq.nextval, 'Environmental Tech', to_date('21/02/2003','dd/mm/yyyy'), 14078550, 41);
insert into grado_academico_empleado (grado_academico_empleado_id, titulo, fecha_titulacion, cedula_profesional, empleado_id) values (grado_academico_empleado_seq.nextval, 'Librarian', to_date('22/01/2004','dd/mm/yyyy'), 22038523, 37);
insert into grado_academico_empleado (grado_academico_empleado_id, titulo, fecha_titulacion, cedula_profesional, empleado_id) values (grado_academico_empleado_seq.nextval, 'Research Associate', to_date('02/04/2003','dd/mm/yyyy'), 47938493, 17);
insert into grado_academico_empleado (grado_academico_empleado_id, titulo, fecha_titulacion, cedula_profesional, empleado_id) values (grado_academico_empleado_seq.nextval, 'Payment Adjustment Coordinator', to_date('18/04/2017','dd/mm/yyyy'), 65580240, 29);
insert into grado_academico_empleado (grado_academico_empleado_id, titulo, fecha_titulacion, cedula_profesional, empleado_id) values (grado_academico_empleado_seq.nextval, 'Help Desk Operator', to_date('10/08/2003','dd/mm/yyyy'), 58249188, 16);
insert into grado_academico_empleado (grado_academico_empleado_id, titulo, fecha_titulacion, cedula_profesional, empleado_id) values (grado_academico_empleado_seq.nextval, 'Geologist III', to_date('04/02/2009','dd/mm/yyyy'), 85714352, 30);
insert into grado_academico_empleado (grado_academico_empleado_id, titulo, fecha_titulacion, cedula_profesional, empleado_id) values (grado_academico_empleado_seq.nextval, 'Physical Therapy Assistant', to_date('20/06/2005','dd/mm/yyyy'), 46401421, 34);
insert into grado_academico_empleado (grado_academico_empleado_id, titulo, fecha_titulacion, cedula_profesional, empleado_id) values (grado_academico_empleado_seq.nextval, 'Research Nurse', to_date('10/02/2013','dd/mm/yyyy'), 11241100, 25);
insert into grado_academico_empleado (grado_academico_empleado_id, titulo, fecha_titulacion, cedula_profesional, empleado_id) values (grado_academico_empleado_seq.nextval, 'Accountant III', to_date('19/04/2012','dd/mm/yyyy'), 42343090, 36);
insert into grado_academico_empleado (grado_academico_empleado_id, titulo, fecha_titulacion, cedula_profesional, empleado_id) values (grado_academico_empleado_seq.nextval, 'Environmental Specialist', to_date('03/10/2002','dd/mm/yyyy'), 10093830, 11);
insert into grado_academico_empleado (grado_academico_empleado_id, titulo, fecha_titulacion, cedula_profesional, empleado_id) values (grado_academico_empleado_seq.nextval, 'Geologist III', to_date('01/10/2018','dd/mm/yyyy'), 88257454, 7);
insert into grado_academico_empleado (grado_academico_empleado_id, titulo, fecha_titulacion, cedula_profesional, empleado_id) values (grado_academico_empleado_seq.nextval, 'Account Executive', to_date('27/09/2019','dd/mm/yyyy'), 20427646, 12);
insert into grado_academico_empleado (grado_academico_empleado_id, titulo, fecha_titulacion, cedula_profesional, empleado_id) values (grado_academico_empleado_seq.nextval, 'Sales Representative', to_date('21/04/2011','dd/mm/yyyy'), 68586075, 9);
insert into grado_academico_empleado (grado_academico_empleado_id, titulo, fecha_titulacion, cedula_profesional, empleado_id) values (grado_academico_empleado_seq.nextval, 'Account Representative III', to_date('30/01/2017','dd/mm/yyyy'), 27429907, 7);
insert into grado_academico_empleado (grado_academico_empleado_id, titulo, fecha_titulacion, cedula_profesional, empleado_id) values (grado_academico_empleado_seq.nextval, 'Graphic Designer', to_date('28/04/2019','dd/mm/yyyy'), 33587566, 22);
insert into grado_academico_empleado (grado_academico_empleado_id, titulo, fecha_titulacion, cedula_profesional, empleado_id) values (grado_academico_empleado_seq.nextval, 'Geologist II', to_date('19/07/2006','dd/mm/yyyy'), 34834487, 28);
insert into grado_academico_empleado (grado_academico_empleado_id, titulo, fecha_titulacion, cedula_profesional, empleado_id) values (grado_academico_empleado_seq.nextval, 'Recruiter', to_date('06/08/2011','dd/mm/yyyy'), 88223103, 14);
insert into grado_academico_empleado (grado_academico_empleado_id, titulo, fecha_titulacion, cedula_profesional, empleado_id) values (grado_academico_empleado_seq.nextval, 'Design Engineer', to_date('25/11/2000','dd/mm/yyyy'), 61179281, 17);

--REFUGIO
insert into refugio (centro_operativo_id, numero_registro, capacidad_maxima, logo, lema, refugio_alterno_id) values (1, '9WMV5A', 65, empty_blob(), 'grow wireless markets', null);
insert into refugio (centro_operativo_id, numero_registro, capacidad_maxima, logo, lema, refugio_alterno_id) values (2, '3MQR1F', 20, empty_blob(), 'revolutionize frictionless infrastructures', 1);
insert into refugio (centro_operativo_id, numero_registro, capacidad_maxima, logo, lema, refugio_alterno_id) values (3, '3YPH5D', 30, empty_blob(), 'leverage frictionless technologies', 2);
insert into refugio (centro_operativo_id, numero_registro, capacidad_maxima, logo, lema, refugio_alterno_id) values (4, '6WDJ3V', 66, empty_blob(), 'whiteboard web-enabled interfaces', null);
insert into refugio (centro_operativo_id, numero_registro, capacidad_maxima, logo, lema, refugio_alterno_id) values (5, '9CHM4S', 24, empty_blob(), 'reintermediate back-end solutions', null);
insert into refugio (centro_operativo_id, numero_registro, capacidad_maxima, logo, lema, refugio_alterno_id) values (6, '8SJZ4R', 98, empty_blob(), 'optimize web-enabled users', 5);
insert into refugio (centro_operativo_id, numero_registro, capacidad_maxima, logo, lema, refugio_alterno_id) values (7, '7BZL1Y', 24, empty_blob(), 'architect compelling e-tailers', 5);
insert into refugio (centro_operativo_id, numero_registro, capacidad_maxima, logo, lema, refugio_alterno_id) values (8, '4PFC4Z', 40, empty_blob(), 'utilize revolutionary experiences', null);
insert into refugio (centro_operativo_id, numero_registro, capacidad_maxima, logo, lema, refugio_alterno_id) values (9, '4HUA8Y', 20, empty_blob(), 'cultivate granular users', null);
insert into refugio (centro_operativo_id, numero_registro, capacidad_maxima, logo, lema, refugio_alterno_id) values (10, '4XAU1K', 79, empty_blob(), 'enable strategic niches', 9);

--CLINICA
insert into clinica (centro_operativo_id, telefono_emergencia, telefono_atencion, hora_inicio, hora_fin) values (11, '5136293850', '2739535002', 1100, 2000);
insert into clinica (centro_operativo_id, telefono_emergencia, telefono_atencion, hora_inicio, hora_fin) values (12, '1396695133', '3507126064', 1130, 2000);
insert into clinica (centro_operativo_id, telefono_emergencia, telefono_atencion, hora_inicio, hora_fin) values (13, '7183360213', '9729884096', 1200, 2000);
insert into clinica (centro_operativo_id, telefono_emergencia, telefono_atencion, hora_inicio, hora_fin) values (14, '2068392890', '2444337569', 1230, 2000);
insert into clinica (centro_operativo_id, telefono_emergencia, telefono_atencion, hora_inicio, hora_fin) values (15, '2337817644', '6813761043', 0930, 2000);
insert into clinica (centro_operativo_id, telefono_emergencia, telefono_atencion, hora_inicio, hora_fin) values (16, '5201083225', '4075966858', 1000, 2000);
insert into clinica (centro_operativo_id, telefono_emergencia, telefono_atencion, hora_inicio, hora_fin) values (17, '8698077397', '4383456388', 1030, 2000);
insert into clinica (centro_operativo_id, telefono_emergencia, telefono_atencion, hora_inicio, hora_fin) values (18, '6438093326', '2363851364', 0730, 2000);
insert into clinica (centro_operativo_id, telefono_emergencia, telefono_atencion, hora_inicio, hora_fin) values (19, '1285462139', '2888346561', 0800, 2000);
insert into clinica (centro_operativo_id, telefono_emergencia, telefono_atencion, hora_inicio, hora_fin) values (20, '8844507345', '6599038905', 1100, 2000);

--OFICINA
insert into oficina (centro_operativo_id, rfc_persona_moral, firma_electronica, responsable_legal) values (21, 'MFP935387WAP', empty_blob(), 'Scotti Diggin');
insert into oficina (centro_operativo_id, rfc_persona_moral, firma_electronica, responsable_legal) values (22, 'HES378814CVS', empty_blob(), 'Ali Mixhel');
insert into oficina (centro_operativo_id, rfc_persona_moral, firma_electronica, responsable_legal) values (23, 'RDT361412TUB', empty_blob(), 'Darlleen Northen');
insert into oficina (centro_operativo_id, rfc_persona_moral, firma_electronica, responsable_legal) values (24, 'XRM275669IET', empty_blob(), 'Nichole Adamsen');
insert into oficina (centro_operativo_id, rfc_persona_moral, firma_electronica, responsable_legal) values (25, 'MPF938333YOC', empty_blob(), 'Hetty Artz');
insert into oficina (centro_operativo_id, rfc_persona_moral, firma_electronica, responsable_legal) values (26, 'MNT236721XAV', empty_blob(), 'Minnaminnie Herreran');
insert into oficina (centro_operativo_id, rfc_persona_moral, firma_electronica, responsable_legal) values (27, 'LWD619989VMI', empty_blob(), 'Tammy Treven');
insert into oficina (centro_operativo_id, rfc_persona_moral, firma_electronica, responsable_legal) values (28, 'VNU301314CQB', empty_blob(), 'Grace Tonbridge');
insert into oficina (centro_operativo_id, rfc_persona_moral, firma_electronica, responsable_legal) values (29, 'JPB142909AEL', empty_blob(), 'Nikaniki Bowcock');
insert into oficina (centro_operativo_id, rfc_persona_moral, firma_electronica, responsable_legal) values (30, 'WSK906751RIT', empty_blob(), 'Ringo Giorgiutti');

--DIRECCION WEB 
insert into direccion_web_refugio (direccion_web, refugio_id) values ('http://vistaprint.com/congue/risus/semper/porta/volutpat/quam/pede.aspx', 10);
insert into direccion_web_refugio (direccion_web, refugio_id) values ('https://independent.co.uk/velit/nec.jpg', 8);
insert into direccion_web_refugio (direccion_web, refugio_id) values ('https://japanpost.jp/etiam/vel.png', 1);
insert into direccion_web_refugio (direccion_web, refugio_id) values ('http://ox.ac.uk/dapibus/augue/vel/accumsan/tellus.json', 3);
insert into direccion_web_refugio (direccion_web, refugio_id) values ('https://wikimedia.org/natoque/penatibus/et/magnis/dis/parturient/montes.jpg', 8);
insert into direccion_web_refugio (direccion_web, refugio_id) values ('https://weibo.com/vitae/ipsum/aliquam/non/mauris.jsp', 4);
insert into direccion_web_refugio (direccion_web, refugio_id) values ('https://umich.edu/interdum/in/ante.aspx', 8);
insert into direccion_web_refugio (direccion_web, refugio_id) values ('http://furl.net/semper/porta/volutpat/quam/pede.html', 2);
insert into direccion_web_refugio (direccion_web, refugio_id) values ('http://cdbaby.com/primis.png', 3);
insert into direccion_web_refugio (direccion_web, refugio_id) values ('https://ameblo.jp/morbi.js', 4);
insert into direccion_web_refugio (direccion_web, refugio_id) values ('https://google.es/porta/volutpat/erat/quisque/erat/eros.xml', 10);
insert into direccion_web_refugio (direccion_web, refugio_id) values ('https://nifty.com/etiam/justo/etiam/pretium.js', 1);
insert into direccion_web_refugio (direccion_web, refugio_id) values ('https://telegraph.co.uk/rhoncus/aliquam/lacus/morbi/quis.jsp', 7);
insert into direccion_web_refugio (direccion_web, refugio_id) values ('https://51.la/ut.jpg', 8);
insert into direccion_web_refugio (direccion_web, refugio_id) values ('http://globo.com/sit/amet/nulla.xml', 4);

--CLIENTE
insert into cliente (cliente_id, nombre, ap_paterno, ap_materno, direccion, ocupacion, password) values (cliente_seq.nextval, 'Ronica', 'Diglin', 'Laffling', '9195 Merrick Lane', 'Technical Writer', '2ba33b45ec6ec390eebe1c891e9599133e2ac893');
insert into cliente (cliente_id, nombre, ap_paterno, ap_materno, direccion, ocupacion, password) values (cliente_seq.nextval, 'Millicent', 'Boxall', 'Hedde', '90 Susan Terrace', 'Accounting Assistant II', 'bf648e8b9238808ea291e043a271add5683e0907');
insert into cliente (cliente_id, nombre, ap_paterno, ap_materno, direccion, ocupacion, password) values (cliente_seq.nextval, 'Mortie', 'MacRonald', 'Eslinger', '23 Blackbird Way', 'Electrical Engineer', '888077b6571cfc80ae52a3862b6884fb2faf9888');
insert into cliente (cliente_id, nombre, ap_paterno, ap_materno, direccion, ocupacion, password) values (cliente_seq.nextval, 'Phylis', 'Dragon', 'Cabane', '28252 Havey Crossing', 'Help Desk Technician', 'db0a5d7959e98b218cc4bd1901f938cf4200d341');
insert into cliente (cliente_id, nombre, ap_paterno, ap_materno, direccion, ocupacion, password) values (cliente_seq.nextval, 'Philip', 'Granger', 'Van Der Hoog', '3016 Lawn Park', 'Research Associate', '472223e7f41b400f2e43d4151d0c2cf3e265ab28');
insert into cliente (cliente_id, nombre, ap_paterno, ap_materno, direccion, ocupacion, password) values (cliente_seq.nextval, 'Jimmy', 'Ramsay', 'Towersey', '46763 Clove Terrace', 'Chief Design Engineer', 'ecd492fde22435ce3081a7e2e210502dc98c3945');
insert into cliente (cliente_id, nombre, ap_paterno, ap_materno, direccion, ocupacion, password) values (cliente_seq.nextval, 'Fee', 'Sarson', 'Beardon', '970 Lakeland Center', 'Systems Administrator II', 'a445be1ba7e87e604570ab49fe117263114ff7d2');
insert into cliente (cliente_id, nombre, ap_paterno, ap_materno, direccion, ocupacion, password) values (cliente_seq.nextval, 'Spenser', 'Gunney', 'Blackater', '94 Bluejay Street', 'Recruiter', 'b53f88d5c959de14cbc607bbc0a07b918c5cbbbe');
insert into cliente (cliente_id, nombre, ap_paterno, ap_materno, direccion, ocupacion, password) values (cliente_seq.nextval, 'Alexandro', 'Chiddy', 'Wharby', '6 Anthes Park', 'Clinical Specialist', 'ed4d9a6942fb2b594d553f2538b32704a12fa1fe');
insert into cliente (cliente_id, nombre, ap_paterno, ap_materno, direccion, ocupacion, password) values (cliente_seq.nextval, 'Ozzy', 'Swalteridge', 'Yarr', '25340 Messerschmidt Pass', 'Marketing Manager', '405d77b883e9c66e83704aa8d7be0ccda8acbd03');
insert into cliente (cliente_id, nombre, ap_paterno, ap_materno, direccion, ocupacion, password) values (cliente_seq.nextval, 'Jaquenetta', 'Critoph', 'Mariaud', '9259 Waywood Street', 'Accounting Assistant III', '34c8c2ba4138a5232e10c72f0b22178275ffabfd');
insert into cliente (cliente_id, nombre, ap_paterno, ap_materno, direccion, ocupacion, password) values (cliente_seq.nextval, 'Cloris', 'Ginnelly', 'Magnus', '9 Welch Terrace', 'Tax Accountant', '22ae3ecadb68f7238ee0f4d30818cd8764240467');
insert into cliente (cliente_id, nombre, ap_paterno, ap_materno, direccion, ocupacion, password) values (cliente_seq.nextval, 'Rodolfo', 'Bromehed', 'Cornall', '61 Orin Point', 'Media Manager IV', 'c56dda9d92f13773c1e72c00e1ed74615d28355c');
insert into cliente (cliente_id, nombre, ap_paterno, ap_materno, direccion, ocupacion, password) values (cliente_seq.nextval, 'Ephrayim', 'MacKeever', 'Beynke', '83 Waywood Drive', 'Data Coordiator', 'def596837d78c34600c1bced8aba59125dce9686');
insert into cliente (cliente_id, nombre, ap_paterno, ap_materno, direccion, ocupacion, password) values (cliente_seq.nextval, 'Constantia', 'Bohlmann', 'Mawdsley', '876 Merry Parkway', 'Food Chemist', '50cd43db7ce2acb08dbf80036a5e6a5ea7a1c0ee');
insert into cliente (cliente_id, nombre, ap_paterno, ap_materno, direccion, ocupacion, password) values (cliente_seq.nextval, 'Rocky', 'Rozea', 'Ferrarin', '51191 Schlimgen Pass', 'Senior Cost Accountant', '9346d8b37f0690b35230b5b6e66d1a1f7edfe5f3');
insert into cliente (cliente_id, nombre, ap_paterno, ap_materno, direccion, ocupacion, password) values (cliente_seq.nextval, 'Ola', 'Garlinge', 'Dagg', '30 Bunker Hill Hill', 'Project Manager', '570ef12718bce9c0a00bf0fa47cb8a06c608426b');
insert into cliente (cliente_id, nombre, ap_paterno, ap_materno, direccion, ocupacion, password) values (cliente_seq.nextval, 'Kimball', 'Blackney', 'Lobe', '5 Melvin Center', 'Administrative Officer', '26cf4255612f94fa31c576ea37e27d5ff03f8a59');
insert into cliente (cliente_id, nombre, ap_paterno, ap_materno, direccion, ocupacion, password) values (cliente_seq.nextval, 'Savina', 'Handrock', 'Sprigg', '864 Spaight Lane', 'Nurse Practicioner', '8130573cc4b893411aa737fb8c6987ee4c6bec52');
insert into cliente (cliente_id, nombre, ap_paterno, ap_materno, direccion, ocupacion, password) values (cliente_seq.nextval, 'Opaline', 'Mattiacci', 'Peasby', '2 Gateway Place', 'Assistant Professor', '520f0dd22f02b7b94d173bfd712cdf9ef66a5483');
insert into cliente (cliente_id, nombre, ap_paterno, ap_materno, direccion, ocupacion, password) values (cliente_seq.nextval, 'Annnora', 'Chominski', 'Mannion', '16323 Shopko Alley', 'VP Quality Control', 'd8ab349f520dd16356e3cbc4b05b95abee84f4b3');
insert into cliente (cliente_id, nombre, ap_paterno, ap_materno, direccion, ocupacion, password) values (cliente_seq.nextval, 'Margarete', 'Carbert', 'Sabin', '1873 Debs Trail', 'Developer II', '5d983fbb1cebd7126fc36360c13cf53a21de9dc6');
insert into cliente (cliente_id, nombre, ap_paterno, ap_materno, direccion, ocupacion, password) values (cliente_seq.nextval, 'Waldemar', 'Voller', 'Hopewell', '994 Scoville Trail', 'Analog Circuit Design manager', '027f70687c91e5626d9f9694813e37d5732bbb25');
insert into cliente (cliente_id, nombre, ap_paterno, ap_materno, direccion, ocupacion, password) values (cliente_seq.nextval, 'Murry', 'Esberger', 'Terrington', '2926 Thompson Lane', 'Director of Sales', '1e67f818776025d034018330bd6d54cb4c71955f');
insert into cliente (cliente_id, nombre, ap_paterno, ap_materno, direccion, ocupacion, password) values (cliente_seq.nextval, 'Mychal', 'Knolles-Green', 'Mauser', '83 Oak Terrace', 'Web Developer I', '1f4d00a19f8ee05e02e4de0c2eda8cf5b15d3e5c');
insert into cliente (cliente_id, nombre, ap_paterno, ap_materno, direccion, ocupacion, password) values (cliente_seq.nextval, 'Jock', 'Stuffins', 'Caldeyroux', '4 Kinsman Way', 'Software Test Engineer II', '3d899c2852f2d97a1043813b7fc51073d94f14f7');
insert into cliente (cliente_id, nombre, ap_paterno, ap_materno, direccion, ocupacion, password) values (cliente_seq.nextval, 'Vinnie', 'Stedson', 'Rosengart', '91827 Brown Parkway', 'Assistant Manager', '7c66a50ef12ce9ef00112ed4cde8a1df85269785');
insert into cliente (cliente_id, nombre, ap_paterno, ap_materno, direccion, ocupacion, password) values (cliente_seq.nextval, 'James', 'Sedgeworth', 'Schwier', '25501 Kinsman Crossing', 'Registered Nurse', 'd215cc394a1ec8de428191c4030dab8b799d309c');
insert into cliente (cliente_id, nombre, ap_paterno, ap_materno, direccion, ocupacion, password) values (cliente_seq.nextval, 'Whitman', 'Till', 'Trotton', '83139 Comanche Park', 'Systems Administrator III', 'fafe529bb237b590685e122ca4b68b6afab8064b');
insert into cliente (cliente_id, nombre, ap_paterno, ap_materno, direccion, ocupacion, password) values (cliente_seq.nextval, 'Alica', 'Spohrmann', 'Eveque', '9 West Terrace', 'Software Consultant', 'bc88861538e5a707ecfbd5eda3151ac52499a414');
insert into cliente (cliente_id, nombre, ap_paterno, ap_materno, direccion, ocupacion, password) values (cliente_seq.nextval, 'Nona', 'Sexon', 'Olifaunt', '2678 Killdeer Terrace', 'Senior Editor', '1e65bef785d5d7739a58055992fbdeb808a8d14a');
insert into cliente (cliente_id, nombre, ap_paterno, ap_materno, direccion, ocupacion, password) values (cliente_seq.nextval, 'Nathaniel', 'Potebury', 'McLugish', '685 Rigney Point', 'Environmental Tech', '0a2ffe85a2caa1d1eab8b5311b68eba9e304b774');
insert into cliente (cliente_id, nombre, ap_paterno, ap_materno, direccion, ocupacion, password) values (cliente_seq.nextval, 'Kalinda', 'Roskelly', 'Gozney', '93 3rd Terrace', 'General Manager', '877c776d9def941bc84ec024ff769811ce98b377');
insert into cliente (cliente_id, nombre, ap_paterno, ap_materno, direccion, ocupacion, password) values (cliente_seq.nextval, 'Cad', 'MacCulloch', 'Mains', '1 Debs Court', 'Assistant Manager', '690228e5075a1ff826788b93d198141ac2770ee3');
insert into cliente (cliente_id, nombre, ap_paterno, ap_materno, direccion, ocupacion, password) values (cliente_seq.nextval, 'Cate', 'Leipelt', 'Donne', '2 Hoffman Court', 'GIS Technical Architect', '4c3768c8ed3ca23e5ddb5ac43a033d0c90c4713d');
insert into cliente (cliente_id, nombre, ap_paterno, ap_materno, direccion, ocupacion, password) values (cliente_seq.nextval, 'Dal', 'Gresly', 'Maker', '0292 Butterfield Alley', 'Account Coordinator', 'a43e3bbcd8ff9aa4f5a93dc763deb19ca7723035');
insert into cliente (cliente_id, nombre, ap_paterno, ap_materno, direccion, ocupacion, password) values (cliente_seq.nextval, 'Cyndy', 'Lowen', 'Bilovus', '579 Warrior Court', 'Dental Hygienist', 'e344e709d747c01324a367ab649573fd3fa9c0a9');
insert into cliente (cliente_id, nombre, ap_paterno, ap_materno, direccion, ocupacion, password) values (cliente_seq.nextval, 'Karalee', 'Bedburrow', 'Ducarne', '79584 Scoville Junction', 'Programmer IV', '25f3a31edc7a4cf5972fdf323ff32d19adcebf68');
insert into cliente (cliente_id, nombre, ap_paterno, ap_materno, direccion, ocupacion, password) values (cliente_seq.nextval, 'Lewie', 'Obbard', 'Curnock', '13303 Macpherson Avenue', 'Biostatistician III', '67853a5204500bacf3ee3d5df4e1b4600ef754a0');
insert into cliente (cliente_id, nombre, ap_paterno, ap_materno, direccion, ocupacion, password) values (cliente_seq.nextval, 'Georgeanne', 'Christin', 'Trassler', '10 Kedzie Park', 'Software Consultant', '21657607745fb6fb668ab8fdb111f230c4cd7163');

--DONATIVO
insert into donativo (donativo_id, monto, fecha_donativo, cliente_id) values (donativo_seq.nextval, 518655, to_date('15/02/2019','dd/mm/yyyy'), 35);
insert into donativo (donativo_id, monto, fecha_donativo, cliente_id) values (donativo_seq.nextval, 638757, to_date('21/12/2020','dd/mm/yyyy'), 35);
insert into donativo (donativo_id, monto, fecha_donativo, cliente_id) values (donativo_seq.nextval, 284338, to_date('17/04/2020','dd/mm/yyyy'), 32);
insert into donativo (donativo_id, monto, fecha_donativo, cliente_id) values (donativo_seq.nextval, 268676, to_date('18/05/2020','dd/mm/yyyy'), 37);
insert into donativo (donativo_id, monto, fecha_donativo, cliente_id) values (donativo_seq.nextval, 665305, to_date('07/12/2020','dd/mm/yyyy'), 11);
insert into donativo (donativo_id, monto, fecha_donativo, cliente_id) values (donativo_seq.nextval, 479299, to_date('01/11/2016','dd/mm/yyyy'), 10);
insert into donativo (donativo_id, monto, fecha_donativo, cliente_id) values (donativo_seq.nextval, 418231, to_date('18/11/2017','dd/mm/yyyy'), 30);
insert into donativo (donativo_id, monto, fecha_donativo, cliente_id) values (donativo_seq.nextval, 474586, to_date('04/01/2016','dd/mm/yyyy'), 21);
insert into donativo (donativo_id, monto, fecha_donativo, cliente_id) values (donativo_seq.nextval, 586240, to_date('28/05/2017','dd/mm/yyyy'), 2);
insert into donativo (donativo_id, monto, fecha_donativo, cliente_id) values (donativo_seq.nextval, 96323, to_date('11/11/2019','dd/mm/yyyy'), 15);
insert into donativo (donativo_id, monto, fecha_donativo, cliente_id) values (donativo_seq.nextval, 13762, to_date('26/08/2015','dd/mm/yyyy'), 19);
insert into donativo (donativo_id, monto, fecha_donativo, cliente_id) values (donativo_seq.nextval, 119774, to_date('21/03/2015','dd/mm/yyyy'), 23);
insert into donativo (donativo_id, monto, fecha_donativo, cliente_id) values (donativo_seq.nextval, 722766, to_date('22/03/2017','dd/mm/yyyy'), 25);
insert into donativo (donativo_id, monto, fecha_donativo, cliente_id) values (donativo_seq.nextval, 879387, to_date('14/01/2018','dd/mm/yyyy'), 6);
insert into donativo (donativo_id, monto, fecha_donativo, cliente_id) values (donativo_seq.nextval, 27170, to_date('30/06/2017','dd/mm/yyyy'), 16);
insert into donativo (donativo_id, monto, fecha_donativo, cliente_id) values (donativo_seq.nextval, 314721, to_date('16/02/2016','dd/mm/yyyy'), 20);
insert into donativo (donativo_id, monto, fecha_donativo, cliente_id) values (donativo_seq.nextval, 35602, to_date('15/04/2020','dd/mm/yyyy'), 16);
insert into donativo (donativo_id, monto, fecha_donativo, cliente_id) values (donativo_seq.nextval, 887369, to_date('05/06/2018','dd/mm/yyyy'), 32);
insert into donativo (donativo_id, monto, fecha_donativo, cliente_id) values (donativo_seq.nextval, 102367, to_date('16/07/2016','dd/mm/yyyy'), 17);
insert into donativo (donativo_id, monto, fecha_donativo, cliente_id) values (donativo_seq.nextval, 544270, to_date('28/10/2016','dd/mm/yyyy'), 13);
insert into donativo (donativo_id, monto, fecha_donativo, cliente_id) values (donativo_seq.nextval, 194697, to_date('17/11/2020','dd/mm/yyyy'), 1);
insert into donativo (donativo_id, monto, fecha_donativo, cliente_id) values (donativo_seq.nextval, 518090, to_date('15/09/2020','dd/mm/yyyy'), 16);
insert into donativo (donativo_id, monto, fecha_donativo, cliente_id) values (donativo_seq.nextval, 65581, to_date('30/03/2015','dd/mm/yyyy'), 23);
insert into donativo (donativo_id, monto, fecha_donativo, cliente_id) values (donativo_seq.nextval, 517271, to_date('12/08/2019','dd/mm/yyyy'), 29);
insert into donativo (donativo_id, monto, fecha_donativo, cliente_id) values (donativo_seq.nextval, 288145, to_date('13/02/2018','dd/mm/yyyy'), 23);
insert into donativo (donativo_id, monto, fecha_donativo, cliente_id) values (donativo_seq.nextval, 335952, to_date('18/06/2015','dd/mm/yyyy'), 25);
insert into donativo (donativo_id, monto, fecha_donativo, cliente_id) values (donativo_seq.nextval, 512176, to_date('17/12/2015','dd/mm/yyyy'), 20);
insert into donativo (donativo_id, monto, fecha_donativo, cliente_id) values (donativo_seq.nextval, 150943, to_date('22/08/2019','dd/mm/yyyy'), 28);
insert into donativo (donativo_id, monto, fecha_donativo, cliente_id) values (donativo_seq.nextval, 787456, to_date('06/06/2019','dd/mm/yyyy'), 19);
insert into donativo (donativo_id, monto, fecha_donativo, cliente_id) values (donativo_seq.nextval, 153864, to_date('22/04/2018','dd/mm/yyyy'), 7);

--TIPO MASCOTA
insert into tipo_mascota (tipo_mascota_id, tipo, subcategoria, nivel_cuidado) values (tipo_mascota_seq.nextval, 'perro', 'husky', 2);
insert into tipo_mascota (tipo_mascota_id, tipo, subcategoria, nivel_cuidado) values (tipo_mascota_seq.nextval, 'perro', 'pastor aleman', 2);
insert into tipo_mascota (tipo_mascota_id, tipo, subcategoria, nivel_cuidado) values (tipo_mascota_seq.nextval, 'perro', 'labrador', 3);
insert into tipo_mascota (tipo_mascota_id, tipo, subcategoria, nivel_cuidado) values (tipo_mascota_seq.nextval, 'perro', 'pug', 4);
insert into tipo_mascota (tipo_mascota_id, tipo, subcategoria, nivel_cuidado) values (tipo_mascota_seq.nextval, 'gato', 'egipcio', 5);
insert into tipo_mascota (tipo_mascota_id, tipo, subcategoria, nivel_cuidado) values (tipo_mascota_seq.nextval, 'gato', 'bombay', 1);
insert into tipo_mascota (tipo_mascota_id, tipo, subcategoria, nivel_cuidado) values (tipo_mascota_seq.nextval, 'gato', 'birmano', 2);
insert into tipo_mascota (tipo_mascota_id, tipo, subcategoria, nivel_cuidado) values (tipo_mascota_seq.nextval, 'ave', 'tucan', 5);
insert into tipo_mascota (tipo_mascota_id, tipo, subcategoria, nivel_cuidado) values (tipo_mascota_seq.nextval, 'ave', 'canario', 4);
insert into tipo_mascota (tipo_mascota_id, tipo, subcategoria, nivel_cuidado) values (tipo_mascota_seq.nextval, 'ave', 'guacamaya', 5);

--ESTATUS MASCOTA
insert into estatus_mascota (descripcion) values ('EN_REFUGIO');
insert into estatus_mascota (descripcion) values ('DISPONIBLE_PARA_ADOPCION');
insert into estatus_mascota (descripcion) values ('SOLICITADA_PARA_ADOPCION');
insert into estatus_mascota (descripcion) values ('ADOPTADA');
insert into estatus_mascota (descripcion) values ('ENFERMA');
insert into estatus_mascota (descripcion) values ('FALLECIDA_EN_REFUGIO');
insert into estatus_mascota (descripcion) values ('FALLECIDA_EN_HOGAR');


alter table mascota disable constraint mascota_mama_id_fk;
alter table mascota disable constraint mascota_papa_id_fk;

--MASCOTA
insert into mascota (mascota_id, nombre , folio, fecha_ingreso, fecha_nacimiento, fecha_estatus, fecha_adopcion, descripcion_fallecido, origen_abandonado, mascota_mama_id, mascota_papa_id, tipo_mascota_id, estatus_mascota_id, origen_refugio_id, origen_cliente_id, adoptante_id) values (mascota_seq.nextval, 'Jon', 'BST75037', to_date('19/03/2002','dd/mm/yyyy'), to_date('23/05/2002','dd/mm/yyyy'), to_date('12/06/2003','dd/mm/yyyy'), null, null, 1, null, 3, 1, 2, null, null, null);
insert into mascota (mascota_id, nombre , folio, fecha_ingreso, fecha_nacimiento, fecha_estatus, fecha_adopcion, descripcion_fallecido, origen_abandonado, mascota_mama_id, mascota_papa_id, tipo_mascota_id, estatus_mascota_id, origen_refugio_id, origen_cliente_id, adoptante_id) values (mascota_seq.nextval, 'Vyky', 'TIF26469', to_date('01/08/2001','dd/mm/yyyy'), to_date('23/07/2004','dd/mm/yyyy'), to_date('23/07/2005','dd/mm/yyyy'), null, null, 0, null, null, 1, 1, null, 3, null);
insert into mascota (mascota_id, nombre , folio, fecha_ingreso, fecha_nacimiento, fecha_estatus, fecha_adopcion, descripcion_fallecido, origen_abandonado, mascota_mama_id, mascota_papa_id, tipo_mascota_id, estatus_mascota_id, origen_refugio_id, origen_cliente_id, adoptante_id) values (mascota_seq.nextval, 'Staffard', 'MUH40257', to_date('15/11/2001','dd/mm/yyyy'), to_date('10/12/2004','dd/mm/yyyy'), to_date('10/12/2006','dd/mm/yyyy'), null, 'Fallecida por enfermedad', 1, 1, 2, 1, 6, null, null, null);
insert into mascota (mascota_id, nombre , folio, fecha_ingreso, fecha_nacimiento, fecha_estatus, fecha_adopcion, descripcion_fallecido, origen_abandonado, mascota_mama_id, mascota_papa_id, tipo_mascota_id, estatus_mascota_id, origen_refugio_id, origen_cliente_id, adoptante_id) values (mascota_seq.nextval, 'Monte', 'TIN74946', to_date('26/12/2001','dd/mm/yyyy'), to_date('01/08/2004','dd/mm/yyyy'), to_date('01/08/2005','dd/mm/yyyy'), null, null, 1, 9, null, 3, 5, null, null, null);
insert into mascota (mascota_id, nombre , folio, fecha_ingreso, fecha_nacimiento, fecha_estatus, fecha_adopcion, descripcion_fallecido, origen_abandonado, mascota_mama_id, mascota_papa_id, tipo_mascota_id, estatus_mascota_id, origen_refugio_id, origen_cliente_id, adoptante_id) values (mascota_seq.nextval, 'Toni', 'VFS92673', to_date('07/06/2003','dd/mm/yyyy'), to_date('01/04/2001','dd/mm/yyyy'), to_date('01/04/2001','dd/mm/yyyy'), to_date('05/04/2008','dd/mm/yyyy'), null, 0, 15, 18, 4, 4, null, 15, 21);
insert into mascota (mascota_id, nombre , folio, fecha_ingreso, fecha_nacimiento, fecha_estatus, fecha_adopcion, descripcion_fallecido, origen_abandonado, mascota_mama_id, mascota_papa_id, tipo_mascota_id, estatus_mascota_id, origen_refugio_id, origen_cliente_id, adoptante_id) values (mascota_seq.nextval, 'Marianna', 'AUL17075', to_date('08/02/2000','dd/mm/yyyy'), to_date('07/07/2003','dd/mm/yyyy'), to_date('07/07/2004','dd/mm/yyyy'), null, null, 0, null, null, 2, 2, 4, null, null);
insert into mascota (mascota_id, nombre , folio, fecha_ingreso, fecha_nacimiento, fecha_estatus, fecha_adopcion, descripcion_fallecido, origen_abandonado, mascota_mama_id, mascota_papa_id, tipo_mascota_id, estatus_mascota_id, origen_refugio_id, origen_cliente_id, adoptante_id) values (mascota_seq.nextval, 'Wilie', 'FEG18705', to_date('29/10/2004','dd/mm/yyyy'), to_date('05/02/2001','dd/mm/yyyy'), to_date('05/02/2002','dd/mm/yyyy'), null, null, 1, null, null, 5, 2, null, null, null);
insert into mascota (mascota_id, nombre , folio, fecha_ingreso, fecha_nacimiento, fecha_estatus, fecha_adopcion, descripcion_fallecido, origen_abandonado, mascota_mama_id, mascota_papa_id, tipo_mascota_id, estatus_mascota_id, origen_refugio_id, origen_cliente_id, adoptante_id) values (mascota_seq.nextval, 'Wallache', 'OBA34785', to_date('09/02/2004','dd/mm/yyyy'), to_date('11/07/2002','dd/mm/yyyy'), to_date('11/07/2002','dd/mm/yyyy'), to_date('26/11/2008','dd/mm/yyyy'), null, 0, null, null, 8, 4, 5, null, 6);
insert into mascota (mascota_id, nombre , folio, fecha_ingreso, fecha_nacimiento, fecha_estatus, fecha_adopcion, descripcion_fallecido, origen_abandonado, mascota_mama_id, mascota_papa_id, tipo_mascota_id, estatus_mascota_id, origen_refugio_id, origen_cliente_id, adoptante_id) values (mascota_seq.nextval, 'Zerk', 'SCJ13670', to_date('20/03/2003','dd/mm/yyyy'), to_date('06/04/2001','dd/mm/yyyy'), to_date('06/04/2002','dd/mm/yyyy'), null, null, 0, 11, null, 9, 1, null, 30, null);
insert into mascota (mascota_id, nombre , folio, fecha_ingreso, fecha_nacimiento, fecha_estatus, fecha_adopcion, descripcion_fallecido, origen_abandonado, mascota_mama_id, mascota_papa_id, tipo_mascota_id, estatus_mascota_id, origen_refugio_id, origen_cliente_id, adoptante_id) values (mascota_seq.nextval, 'Tracy', 'UGR04894', to_date('01/03/2003','dd/mm/yyyy'), to_date('28/12/2003','dd/mm/yyyy'), to_date('28/12/2004','dd/mm/yyyy'), null, null, 0, null, null, 9, 1, 1, null, null);
insert into mascota (mascota_id, nombre , folio, fecha_ingreso, fecha_nacimiento, fecha_estatus, fecha_adopcion, descripcion_fallecido, origen_abandonado, mascota_mama_id, mascota_papa_id, tipo_mascota_id, estatus_mascota_id, origen_refugio_id, origen_cliente_id, adoptante_id) values (mascota_seq.nextval, 'Stephie', 'CEF84651', to_date('08/09/2002','dd/mm/yyyy'), to_date('25/11/2003','dd/mm/yyyy'), to_date('25/11/2004','dd/mm/yyyy'), null, null, 1, null, 10, 9, 1, null, null, null);
insert into mascota (mascota_id, nombre , folio, fecha_ingreso, fecha_nacimiento, fecha_estatus, fecha_adopcion, descripcion_fallecido, origen_abandonado, mascota_mama_id, mascota_papa_id, tipo_mascota_id, estatus_mascota_id, origen_refugio_id, origen_cliente_id, adoptante_id) values (mascota_seq.nextval, 'Dyana', 'SRT60088', to_date('09/06/2003','dd/mm/yyyy'), to_date('27/08/2000','dd/mm/yyyy'), to_date('27/08/2000','dd/mm/yyyy'), to_date('12/03/2010','dd/mm/yyyy'), null, 0, null, 1, 1, 4, null, 27, 11);
insert into mascota (mascota_id, nombre , folio, fecha_ingreso, fecha_nacimiento, fecha_estatus, fecha_adopcion, descripcion_fallecido, origen_abandonado, mascota_mama_id, mascota_papa_id, tipo_mascota_id, estatus_mascota_id, origen_refugio_id, origen_cliente_id, adoptante_id) values (mascota_seq.nextval, 'Johnny', 'CMY08413', to_date('05/10/2002','dd/mm/yyyy'), to_date('22/09/2004','dd/mm/yyyy'), to_date('22/09/2005','dd/mm/yyyy'), null, 'Fallecida por enfermedad', 0, null, null, 7, 6, 6, null, null);
insert into mascota (mascota_id, nombre , folio, fecha_ingreso, fecha_nacimiento, fecha_estatus, fecha_adopcion, descripcion_fallecido, origen_abandonado, mascota_mama_id, mascota_papa_id, tipo_mascota_id, estatus_mascota_id, origen_refugio_id, origen_cliente_id, adoptante_id) values (mascota_seq.nextval, 'Marysa', 'IYH65565', to_date('12/05/2000','dd/mm/yyyy'), to_date('03/01/2003','dd/mm/yyyy'), to_date('03/01/2006','dd/mm/yyyy'), null, null, 1, null, null, 5, 6, null, null, null);
insert into mascota (mascota_id, nombre , folio, fecha_ingreso, fecha_nacimiento, fecha_estatus, fecha_adopcion, descripcion_fallecido, origen_abandonado, mascota_mama_id, mascota_papa_id, tipo_mascota_id, estatus_mascota_id, origen_refugio_id, origen_cliente_id, adoptante_id) values (mascota_seq.nextval, 'Willey', 'QKT06608', to_date('05/08/2000','dd/mm/yyyy'), to_date('11/01/2004','dd/mm/yyyy'), to_date('11/01/2005','dd/mm/yyyy'), null, null, 0, null, null, 4, 5, null, 4, null);
insert into mascota (mascota_id, nombre , folio, fecha_ingreso, fecha_nacimiento, fecha_estatus, fecha_adopcion, descripcion_fallecido, origen_abandonado, mascota_mama_id, mascota_papa_id, tipo_mascota_id, estatus_mascota_id, origen_refugio_id, origen_cliente_id, adoptante_id) values (mascota_seq.nextval, 'Ursulina', 'DNX57150', to_date('06/05/2004','dd/mm/yyyy'), to_date('29/04/2004','dd/mm/yyyy'), to_date('29/04/2005','dd/mm/yyyy'), null, null, 1, 13, 20, 3, 3, null, null, null);
insert into mascota (mascota_id, nombre , folio, fecha_ingreso, fecha_nacimiento, fecha_estatus, fecha_adopcion, descripcion_fallecido, origen_abandonado, mascota_mama_id, mascota_papa_id, tipo_mascota_id, estatus_mascota_id, origen_refugio_id, origen_cliente_id, adoptante_id) values (mascota_seq.nextval, 'Rafaelia', 'RZK04008', to_date('24/01/2001','dd/mm/yyyy'), to_date('01/09/2001','dd/mm/yyyy'), to_date('01/09/2002','dd/mm/yyyy'), null, null, 0, null, 7, 3, 1, null, 13, null);
insert into mascota (mascota_id, nombre , folio, fecha_ingreso, fecha_nacimiento, fecha_estatus, fecha_adopcion, descripcion_fallecido, origen_abandonado, mascota_mama_id, mascota_papa_id, tipo_mascota_id, estatus_mascota_id, origen_refugio_id, origen_cliente_id, adoptante_id) values (mascota_seq.nextval, 'Rowan', 'CTH55714', to_date('16/04/2001','dd/mm/yyyy'), to_date('12/08/2003','dd/mm/yyyy'), to_date('12/08/2004','dd/mm/yyyy'), null, null, 1, null, null, 4, 2, null, null, null);
insert into mascota (mascota_id, nombre , folio, fecha_ingreso, fecha_nacimiento, fecha_estatus, fecha_adopcion, descripcion_fallecido, origen_abandonado, mascota_mama_id, mascota_papa_id, tipo_mascota_id, estatus_mascota_id, origen_refugio_id, origen_cliente_id, adoptante_id) values (mascota_seq.nextval, 'Shoshanna', 'VXB96282', to_date('05/10/2003','dd/mm/yyyy'), to_date('12/01/2001','dd/mm/yyyy'), to_date('12/01/2002','dd/mm/yyyy'), null, null, 1, null, 8, 8, 3, null, null, null);
insert into mascota (mascota_id, nombre , folio, fecha_ingreso, fecha_nacimiento, fecha_estatus, fecha_adopcion, descripcion_fallecido, origen_abandonado, mascota_mama_id, mascota_papa_id, tipo_mascota_id, estatus_mascota_id, origen_refugio_id, origen_cliente_id, adoptante_id) values (mascota_seq.nextval, 'Pet', 'ZSM35508', to_date('27/03/2002','dd/mm/yyyy'), to_date('19/11/2003','dd/mm/yyyy'), to_date('19/11/2003','dd/mm/yyyy'), to_date('13/07/2017','dd/mm/yyyy'), null, 1, null, 2, 1, 4, null, null, 34);

alter table mascota enable constraint mascota_mama_id_fk;
alter table mascota enable constraint mascota_papa_id_fk;

--REVISION
insert into revision (num_revision, mascota_id, fecha_revision, observaciones, calificacion, costo, clinica_id) values (1,5,to_date('05/05/2008','dd/mm/yyyy'),'Mascota saludable',10,500,15);
insert into revision (num_revision, mascota_id, fecha_revision, observaciones, calificacion, costo, clinica_id) values (2,5,to_date('15/12/2009','dd/mm/yyyy'),'Mascota con infeccion en el estomago',7,800,13);
insert into revision (num_revision, mascota_id, fecha_revision, observaciones, calificacion, costo, clinica_id) values (1,8,to_date('26/12/2008','dd/mm/yyyy'),'Mascota con pulgas',5,1000,17);
insert into revision (num_revision, mascota_id, fecha_revision, observaciones, calificacion, costo, clinica_id) values (2,8,to_date('08/01/2010','dd/mm/yyyy'),'Mascota en perfecto estado',9,1000,18);
insert into revision (num_revision, mascota_id, fecha_revision, observaciones, calificacion, costo, clinica_id) values (3,8,to_date('20/05/2010','dd/mm/yyyy'),'Mascota bañada',10,300,19);
insert into revision (num_revision, mascota_id, fecha_revision, observaciones, calificacion, costo, clinica_id) values (1,12,to_date('13/03/2015','dd/mm/yyyy'),'Mascota muy enferma, a punto de morir',1,1000,20);

--CLIENTE INTERESADO MASCOTA
insert into cliente_interesado_mascota (cliente_interesado_mascota_id,descripcion_no_seleccionado,fecha_seleccion,mascota_id,cliente_id) values (cliente_interesado_mascota_seq.nextval,'No cumple con los requisitos de adopcion',to_date('05/05/2008','dd/mm/yyyy'),19,30);
insert into cliente_interesado_mascota (cliente_interesado_mascota_id,descripcion_no_seleccionado,fecha_seleccion,mascota_id,cliente_id) values (cliente_interesado_mascota_seq.nextval,'No cumple con los requisitos de adopcion',to_date('05/05/2008','dd/mm/yyyy'),19,25);
insert into cliente_interesado_mascota (cliente_interesado_mascota_id,descripcion_no_seleccionado,seleccionado,fecha_seleccion,mascota_id,cliente_id) values (cliente_interesado_mascota_seq.nextval,null,1,to_date('05/05/2008','dd/mm/yyyy'),19,25);
insert into cliente_interesado_mascota (cliente_interesado_mascota_id,descripcion_no_seleccionado,fecha_seleccion,mascota_id,cliente_id) values (cliente_interesado_mascota_seq.nextval,null,to_date('05/05/2008','dd/mm/yyyy'),16,3);
insert into cliente_interesado_mascota (cliente_interesado_mascota_id,descripcion_no_seleccionado,fecha_seleccion,mascota_id,cliente_id) values (cliente_interesado_mascota_seq.nextval,null,to_date('05/05/2008','dd/mm/yyyy'),16,8);
insert into cliente_interesado_mascota (cliente_interesado_mascota_id,descripcion_no_seleccionado,fecha_seleccion,mascota_id,cliente_id) values (cliente_interesado_mascota_seq.nextval,null,to_date('05/05/2008','dd/mm/yyyy'),16,9);
insert into cliente_interesado_mascota (cliente_interesado_mascota_id,descripcion_no_seleccionado,fecha_seleccion,mascota_id,cliente_id) values (cliente_interesado_mascota_seq.nextval,null,to_date('05/05/2008','dd/mm/yyyy'),16,10);

--REVISION REFUGIO
insert into revision_refugio (revision_refugio_id, diagnostico, foto, mascota_id, veterinario_id) values (revision_refugio_seq.nextval, 'Tendon pulley reconstruction other than hand', empty_blob(), 20, 7);
insert into revision_refugio (revision_refugio_id, diagnostico, foto, mascota_id, veterinario_id) values (revision_refugio_seq.nextval, 'Microscopic examination of specimen from liver, biliary tract, and pancreas, bacterial smear', empty_blob(), 7, 22);
insert into revision_refugio (revision_refugio_id, diagnostico, foto, mascota_id, veterinario_id) values (revision_refugio_seq.nextval, 'Urethral meatotomy', empty_blob(), 2, 27);
insert into revision_refugio (revision_refugio_id, diagnostico, foto, mascota_id, veterinario_id) values (revision_refugio_seq.nextval, 'Other diagnostic procedures on adrenal glands, pituitary gland, pineal gland, and thymus', empty_blob(), 20, 35);
insert into revision_refugio (revision_refugio_id, diagnostico, foto, mascota_id, veterinario_id) values (revision_refugio_seq.nextval, 'Repair of fistula of cervix', empty_blob(), 5, 10);
insert into revision_refugio (revision_refugio_id, diagnostico, foto, mascota_id, veterinario_id) values (revision_refugio_seq.nextval, 'Exteriorization of small intestine', empty_blob(), 11, 4);
insert into revision_refugio (revision_refugio_id, diagnostico, foto, mascota_id, veterinario_id) values (revision_refugio_seq.nextval, 'Closure of nasal fistula', empty_blob(), 5, 16);
insert into revision_refugio (revision_refugio_id, diagnostico, foto, mascota_id, veterinario_id) values (revision_refugio_seq.nextval, 'Closed heart valvotomy, pulmonary valve', empty_blob(), 16, 18);
insert into revision_refugio (revision_refugio_id, diagnostico, foto, mascota_id, veterinario_id) values (revision_refugio_seq.nextval, 'Endoscopic insertion of other bronchial device or substances', empty_blob(), 4, 26);
insert into revision_refugio (revision_refugio_id, diagnostico, foto, mascota_id, veterinario_id) values (revision_refugio_seq.nextval, 'Biopsy of diaphragm', empty_blob(), 19, 17);
insert into revision_refugio (revision_refugio_id, diagnostico, foto, mascota_id, veterinario_id) values (revision_refugio_seq.nextval, 'Biopsy of bone, radius and ulna', empty_blob(), 4, 26);
insert into revision_refugio (revision_refugio_id, diagnostico, foto, mascota_id, veterinario_id) values (revision_refugio_seq.nextval, 'Laparoscopic revision of gastric restrictive procedure', empty_blob(), 1, 15);
insert into revision_refugio (revision_refugio_id, diagnostico, foto, mascota_id, veterinario_id) values (revision_refugio_seq.nextval, 'Other cystotomy', empty_blob(), 13, 45);
insert into revision_refugio (revision_refugio_id, diagnostico, foto, mascota_id, veterinario_id) values (revision_refugio_seq.nextval, 'Enlargement of existing atrial septal defect', empty_blob(), 2, 14);
insert into revision_refugio (revision_refugio_id, diagnostico, foto, mascota_id, veterinario_id) values (revision_refugio_seq.nextval, 'Other scleral fistulization with iridectomy', empty_blob(), 18, 45);
insert into revision_refugio (revision_refugio_id, diagnostico, foto, mascota_id, veterinario_id) values (revision_refugio_seq.nextval, 'Revision of joint replacement of upper extremity', empty_blob(), 20, 27);
insert into revision_refugio (revision_refugio_id, diagnostico, foto, mascota_id, veterinario_id) values (revision_refugio_seq.nextval, 'Transverse rectus abdominis myocutaneous (TRAM) flap, pedicled', empty_blob(), 20, 13);
insert into revision_refugio (revision_refugio_id, diagnostico, foto, mascota_id, veterinario_id) values (revision_refugio_seq.nextval, 'Angioplasty of other non-coronary vessel(s)', empty_blob(), 11, 8);
insert into revision_refugio (revision_refugio_id, diagnostico, foto, mascota_id, veterinario_id) values (revision_refugio_seq.nextval, 'Other partial salpingectomy', empty_blob(), 13, 18);
insert into revision_refugio (revision_refugio_id, diagnostico, foto, mascota_id, veterinario_id) values (revision_refugio_seq.nextval, 'Dilation of anal sphincter', empty_blob(), 3, 14);

--HISTORICO ESTATUS MASCOTA
insert into historico_estatus_mascota (historico_estatus_mascota_id, fecha_estatus, mascota_id, estatus_mascota_id) values (historico_estatus_mascota_seq.nextval, to_date('24/05/2011','dd/mm/yyyy'), 8, 3);
insert into historico_estatus_mascota (historico_estatus_mascota_id, fecha_estatus, mascota_id, estatus_mascota_id) values (historico_estatus_mascota_seq.nextval, to_date('24/05/2014','dd/mm/yyyy'), 18, 1);
insert into historico_estatus_mascota (historico_estatus_mascota_id, fecha_estatus, mascota_id, estatus_mascota_id) values (historico_estatus_mascota_seq.nextval, to_date('09/06/2013','dd/mm/yyyy'), 14, 2);
insert into historico_estatus_mascota (historico_estatus_mascota_id, fecha_estatus, mascota_id, estatus_mascota_id) values (historico_estatus_mascota_seq.nextval, to_date('12/07/2018','dd/mm/yyyy'), 11, 5);
insert into historico_estatus_mascota (historico_estatus_mascota_id, fecha_estatus, mascota_id, estatus_mascota_id) values (historico_estatus_mascota_seq.nextval, to_date('16/10/2012','dd/mm/yyyy'), 19, 7);
insert into historico_estatus_mascota (historico_estatus_mascota_id, fecha_estatus, mascota_id, estatus_mascota_id) values (historico_estatus_mascota_seq.nextval, to_date('12/11/2011','dd/mm/yyyy'), 19, 7);
insert into historico_estatus_mascota (historico_estatus_mascota_id, fecha_estatus, mascota_id, estatus_mascota_id) values (historico_estatus_mascota_seq.nextval, to_date('25/02/2017','dd/mm/yyyy'), 9, 2);
insert into historico_estatus_mascota (historico_estatus_mascota_id, fecha_estatus, mascota_id, estatus_mascota_id) values (historico_estatus_mascota_seq.nextval, to_date('23/02/2020','dd/mm/yyyy'), 7, 4);
insert into historico_estatus_mascota (historico_estatus_mascota_id, fecha_estatus, mascota_id, estatus_mascota_id) values (historico_estatus_mascota_seq.nextval, to_date('05/04/2011','dd/mm/yyyy'), 14, 4);
insert into historico_estatus_mascota (historico_estatus_mascota_id, fecha_estatus, mascota_id, estatus_mascota_id) values (historico_estatus_mascota_seq.nextval, to_date('07/06/2020','dd/mm/yyyy'), 18, 5);
insert into historico_estatus_mascota (historico_estatus_mascota_id, fecha_estatus, mascota_id, estatus_mascota_id) values (historico_estatus_mascota_seq.nextval, to_date('11/08/2020','dd/mm/yyyy'), 1, 4);
insert into historico_estatus_mascota (historico_estatus_mascota_id, fecha_estatus, mascota_id, estatus_mascota_id) values (historico_estatus_mascota_seq.nextval, to_date('15/03/2015','dd/mm/yyyy'), 13, 2);
insert into historico_estatus_mascota (historico_estatus_mascota_id, fecha_estatus, mascota_id, estatus_mascota_id) values (historico_estatus_mascota_seq.nextval, to_date('07/01/2021','dd/mm/yyyy'), 14, 7);
insert into historico_estatus_mascota (historico_estatus_mascota_id, fecha_estatus, mascota_id, estatus_mascota_id) values (historico_estatus_mascota_seq.nextval, to_date('16/09/2013','dd/mm/yyyy'), 11, 5);
insert into historico_estatus_mascota (historico_estatus_mascota_id, fecha_estatus, mascota_id, estatus_mascota_id) values (historico_estatus_mascota_seq.nextval, to_date('09/06/2014','dd/mm/yyyy'), 7, 6);
insert into historico_estatus_mascota (historico_estatus_mascota_id, fecha_estatus, mascota_id, estatus_mascota_id) values (historico_estatus_mascota_seq.nextval, to_date('07/04/2012','dd/mm/yyyy'), 18, 4);
insert into historico_estatus_mascota (historico_estatus_mascota_id, fecha_estatus, mascota_id, estatus_mascota_id) values (historico_estatus_mascota_seq.nextval, to_date('15/10/2013','dd/mm/yyyy'), 7, 1);
insert into historico_estatus_mascota (historico_estatus_mascota_id, fecha_estatus, mascota_id, estatus_mascota_id) values (historico_estatus_mascota_seq.nextval, to_date('04/12/2020','dd/mm/yyyy'), 14, 2);
insert into historico_estatus_mascota (historico_estatus_mascota_id, fecha_estatus, mascota_id, estatus_mascota_id) values (historico_estatus_mascota_seq.nextval, to_date('18/06/2016','dd/mm/yyyy'), 10, 4);
insert into historico_estatus_mascota (historico_estatus_mascota_id, fecha_estatus, mascota_id, estatus_mascota_id) values (historico_estatus_mascota_seq.nextval, to_date('09/11/2011','dd/mm/yyyy'), 1, 7);

--LLENADO TABLA TEMP
insert into registro_aforo_temp (cliente_id, mascota_id, clinica_id, hora_llegada, hora_salida) values (2, 11, 17, 1853, 1937);
insert into registro_aforo_temp (cliente_id, mascota_id, clinica_id, hora_llegada, hora_salida) values (12, 1, 14, 1427, 1444);
insert into registro_aforo_temp (cliente_id, mascota_id, clinica_id, hora_llegada, hora_salida) values (37, 14, 11, 1838, 1911);
insert into registro_aforo_temp (cliente_id, mascota_id, clinica_id, hora_llegada, hora_salida) values (28, 7, 15, 0553, 0621);
insert into registro_aforo_temp (cliente_id, mascota_id, clinica_id, hora_llegada, hora_salida) values (16, 1, 20, 1258, 1300);
insert into registro_aforo_temp (cliente_id, mascota_id, clinica_id, hora_llegada, hora_salida) values (33, 3, 15, 0344, 0500);
insert into registro_aforo_temp (cliente_id, mascota_id, clinica_id, hora_llegada, hora_salida) values (22, 14, 11, 1930, 1940);
insert into registro_aforo_temp (cliente_id, mascota_id, clinica_id, hora_llegada, hora_salida) values (31, 19, 11, 1520, 1535);
insert into registro_aforo_temp (cliente_id, mascota_id, clinica_id, hora_llegada, hora_salida) values (46, 16, 11, 0820, 0904);
insert into registro_aforo_temp (cliente_id, mascota_id, clinica_id, hora_llegada, hora_salida) values (7, 1, 15, 1049, 1119);
insert into registro_aforo_temp (cliente_id, mascota_id, clinica_id, hora_llegada, hora_salida) values (1, 8, 14, 1915, 2000);
insert into registro_aforo_temp (cliente_id, mascota_id, clinica_id, hora_llegada, hora_salida) values (7, 14, 15, 0353, 0600);
insert into registro_aforo_temp (cliente_id, mascota_id, clinica_id, hora_llegada, hora_salida) values (20, 11, 15, 1640, 1845);
insert into registro_aforo_temp (cliente_id, mascota_id, clinica_id, hora_llegada, hora_salida) values (32, 10, 11, 0203, 0320);
insert into registro_aforo_temp (cliente_id, mascota_id, clinica_id, hora_llegada, hora_salida) values (40, 8, 15, 1624, 1658);
insert into registro_aforo_temp (cliente_id, mascota_id, clinica_id, hora_llegada, hora_salida) values (35, 12, 20, 0756, 0820);
insert into registro_aforo_temp (cliente_id, mascota_id, clinica_id, hora_llegada, hora_salida) values (4, 19, 19, 0634, 0732);
insert into registro_aforo_temp (cliente_id, mascota_id, clinica_id, hora_llegada, hora_salida) values (7, 16, 16, 1336, 1353);
insert into registro_aforo_temp (cliente_id, mascota_id, clinica_id, hora_llegada, hora_salida) values (8, 20, 13, 1645, 1650);
insert into registro_aforo_temp (cliente_id, mascota_id, clinica_id, hora_llegada, hora_salida) values (8, 5, 15, 0457, 0837);